Date,Close,High,Low,Open,Volume
2020-01-02,72.79601287841797,72.85660552982391,71.54537966581154,71.79986584309097,135480400.0
2020-01-03,72.08830261230469,72.85176870122804,71.8628996768582,72.02043912432407,146322800.0
2020-01-06,72.6627197265625,72.7014999191191,70.95400956000329,71.20607711333845,118387200.0
2020-01-07,72.32096862792969,72.9293138189329,72.10041048902463,72.67240156846412,108872000.0
2020-01-08,73.48436737060547,73.78733072188223,72.02287245990904,72.02287245990904,132079200.0
2020-01-09,75.04520416259766,75.23909766873136,74.21387484511875,74.46593492377994,170108400.0
2020-01-10,75.21488189697266,75.78203573703135,74.71075419050038,75.28032670743771,140644800.0
2020-01-13,76.8218002319336,76.84846485002203,75.41362732738085,75.5323939772133,121532000.0
2020-01-14,75.7844467163086,76.96964264584395,75.66084272483062,76.75878138146395,161954400.0
2020-01-15,75.45965576171875,76.4679182657421,75.02581035091664,75.58326712486469,121923600.0
2020-01-16,76.4049072265625,76.5164030304954,75.64144129939321,76.00499720724181,108829200.0
2020-01-17,77.25077819824219,77.25319687439719,76.34673326538457,76.65454124150132,137816400.0
2020-01-21,76.72728729248047,77.32109101550805,76.58913423087549,76.87755592935629,110843200.0
2020-01-22,77.00115203857422,77.55617545523555,76.90662394261042,77.21443197966312,101832400.0
2020-01-23,77.37198638916016,77.45196545033632,76.50429530744599,77.05448142476102,104472000.0
2020-01-24,77.14898681640625,78.36568459280262,76.95751196709428,77.61918638262722,146537600.0
2020-01-27,74.88042449951172,75.56390419530965,73.89397405733017,75.14945240379787,161940000.0
2020-01-28,76.99871826171875,77.1707993206053,75.66567993131815,75.76505276717205,162234000.0
2020-01-29,78.61048126220703,79.46120445400042,77.8930663413124,78.63714587501234,216229200.0
2020-01-30,78.49657440185547,78.54989623607841,77.25563796528307,77.6894834620713,126743200.0
2020-01-31,75.01612854003906,78.20814527515702,74.72043610521095,77.78399671516546,199588400.0
2020-02-03,74.81012725830078,75.98077426743717,73.24925964840867,73.75338735630919,173788400.0
2020-02-04,77.27989196777344,77.47136687395663,76.01471673589147,76.42189769874481,136616400.0
2020-02-05,77.91004180908203,78.71228800097798,77.30411523535007,78.41174339074298,118826800.0
2020-02-06,78.82135772705078,78.82378380047356,77.62162743665891,78.18150305148818,105425600.0
2020-02-07,77.74996185302734,78.56868819994995,77.25678206283877,78.31845426530488,117684000.0
2020-02-10,78.11920928955078,78.11920928955078,76.24853131113522,76.32870015293334,109348800.0
2020-02-11,77.6479263305664,78.69016619390229,77.4292765293241,78.61728539819471,94323200.0
2020-02-12,79.49188232421875,79.49673857196723,78.09979998299478,78.09979998299478,113730400.0
2020-02-13,78.92581176757812,79.25379012572942,78.55653676962524,78.76061038013486,94747600.0
2020-02-14,78.94527435302734,79.19550833721033,78.43508647256206,78.8942503750964,80113600.0
2020-02-18,77.49974060058594,77.68195002206068,76.43320456144275,76.61541398291747,152531200.0
2020-02-19,78.62212371826172,78.85292520890516,77.74266105137688,77.74266105137688,93984000.0
2020-02-20,77.8155517578125,78.87236767412692,77.3077958277377,78.3816197327152,100566000.0
2020-02-21,76.05419921875,77.85200453086176,75.43469023560293,77.40740945099631,129554000.0
2020-02-24,72.44158172607422,73.89925662389693,70.2672211186261,72.21807572698077,222195200.0
2020-02-25,69.98783111572266,73.49840130839426,69.51409119791701,73.11455016100783,230673600.0
2020-02-26,71.09809875488281,72.36870817005541,69.60398331830831,69.61127139696013,198054800.0
2020-02-27,66.45054626464844,69.48251314363536,66.31449718169252,68.29207996071155,320605600.0
2020-02-28,66.41166687011719,67.6385477294233,62.28401969410227,62.5002450361747,426510000.0
2020-03-02,72.59465789794922,73.2336067493854,67.47093017221289,68.57876279323048,341397200.0
2020-03-03,70.2890853881836,73.85552819395053,69.43391136932343,73.77535933674136,319475600.0
2020-03-04,73.54943084716797,73.7097760122306,71.21472457823452,72.01887482066405,219178400.0
2020-03-05,71.16370391845703,72.77442872757254,70.79685330071517,71.7953572173482,187572800.0
2020-03-06,70.21864318847656,70.65351836354851,68.32366840377551,68.5107340510731,226176800.0
2020-03-09,64.6649169921875,67.56082812622974,63.89477518496917,64.0769846199073,286744800.0
2020-03-10,69.32218170166016,69.58942367250026,65.44233541089918,67.3300297849221,285290000.0
2020-03-11,66.91458892822266,68.32124779609116,66.04727026677229,67.3907682408546,255598800.0
2020-03-12,60.30644607543945,65.59537815986118,60.25056956905768,62.17956017177718,418474000.0
2020-03-13,67.53165435791016,68.00540170395698,61.453148500655,64.35392608390474,370732000.0
2020-03-16,58.84391021728516,62.942401413512734,58.30699831007388,58.78074192993141,322423600.0
2020-03-17,61.4312858581543,62.58527490250636,57.91828734590941,60.13152411847769,324056000.0
2020-03-18,59.92744827270508,60.73645834267664,57.60731482260299,58.25112350527089,300233600.0
2020-03-19,59.4682846069336,61.42642755625933,58.94109255958124,60.102373420949,271857200.0
2020-03-20,55.69290542602539,61.18105103531312,55.391651251345145,60.05135066055668,401693200.0
2020-03-23,54.5097541809082,55.51312163568075,51.65271258137682,55.41108483288239,336752800.0
2020-03-24,59.978477478027344,60.17526303928992,56.92221799336146,57.42268589164895,287531200.0
2020-03-25,59.64805603027344,62.74075513913608,59.35166184689461,60.91866157265584,303602000.0
2020-03-26,62.78692626953125,62.845230901201134,59.85213994722345,59.89101217304303,252087200.0
2020-03-27,60.18740081787109,62.16254788050298,60.01976760326953,61.40455808271416,204216800.0
2020-03-30,61.90502548217773,62.07751865016797,60.59068767059111,60.91623789559668,167976400.0
2020-03-31,61.77870178222656,63.7708571145467,61.22235738786374,62.09696397622852,197002000.0
2020-04-01,58.52808380126953,60.42549023789971,58.09564049822196,59.88615017103195,176218400.0
2020-04-02,59.50472640991211,59.55817479450874,57.55387149331358,58.38960582657782,165934000.0
2020-04-03,58.649559020996094,59.69179509496959,58.05677054898676,58.98725360699361,129880000.0
2020-04-06,63.765995025634766,63.92147650814731,60.58583486452881,60.95510987284994,201820400.0
2020-04-07,63.02742767333984,66.00837741080065,62.92296275780196,65.78972025756833,202887200.0
2020-04-08,64.6406021118164,64.95642874150907,63.46474512347498,63.83158830415397,168895200.0
2020-04-09,65.10706329345703,65.61239487021291,64.3077766952038,65.2795602045284,161834800.0
2020-04-13,66.38496398925781,66.49429260465944,64.58230223555258,65.18481070772222,131022800.0
2020-04-14,69.73760223388672,70.02914021517418,67.55108961658726,68.02483698264969,194994800.0
2020-04-15,69.10108947753906,69.56268513070003,68.17789817121714,68.60790967618321,131154400.0
2020-04-16,69.6501235961914,70.01697408247138,68.59573984103106,69.81775677110633,157125200.0
2020-04-17,68.705078125,69.71330925617515,67.26197929396938,69.1642493049272,215250000.0
2020-04-20,67.27898406982422,68.43297671339393,67.25955166646024,67.52679355095263,130015200.0
2020-04-21,65.19938659667969,67.35674726243548,64.48512509479784,67.1210894551599,180991600.0
2020-04-22,67.07733917236328,67.51463866177296,66.12985200256384,66.47239906793473,116862400.0
2020-04-23,66.81739044189453,68.44998669440024,66.77851821991604,67.02146404669297,124814400.0
2020-04-24,68.74638366699219,68.75610357640764,67.29599672618441,67.34458885914316,126161200.0
2020-04-27,68.79498291015625,69.12781755437949,68.01269693902715,68.46214085181369,117087600.0
2020-04-28,67.67986297607422,69.4412206838335,67.58754976545953,69.25901126578944,112004800.0
2020-04-29,69.90281677246094,70.37413234616447,68.9699055356583,69.17397917363517,137280800.0
2020-04-30,71.37747955322266,71.55483267240312,70.05342927151027,70.44456848623724,183064000.0
2020-05-01,70.22834777832031,72.64079791635479,69.44606196573332,69.54323880788147,240616800.0
2020-05-04,71.22200775146484,71.35076875806811,69.5602589927265,70.25265616239726,133568000.0
2020-05-05,72.29095458984375,73.12668876890349,71.53782109644345,71.68359006518509,147751200.0
2020-05-06,73.03681945800781,73.67090463185605,72.60923234624765,72.99551539711837,142333600.0
2020-05-07,73.79236602783203,74.13978420885995,73.36235456618245,73.66603686189733,115215200.0
2020-05-08,75.54876708984375,75.60236016603984,74.12612330759006,74.45498957360294,133838400.0
2020-05-11,76.73754119873047,77.23448698795877,74.84473723882499,75.05424011538071,145946400.0
2020-05-12,75.86056518554688,77.87760182453242,75.73876343818256,77.42449545855905,162301200.0
2020-05-13,74.94461822509766,76.96653181484587,73.86301804797671,76.04083401805624,200622400.0
2020-05-14,75.40504455566406,75.46594544284673,73.4537777513905,74.17971900291641,158929200.0
2020-05-15,74.959228515625,75.0055137738857,73.13220232382433,73.16631038114848,166348400.0
2020-05-18,76.72534942626953,77.10050086433853,75.59503315299358,76.28930455282763,135178400.0
2020-05-19,76.281982421875,77.59256264401523,76.25031278617995,76.74238904352538,101729600.0
2020-05-20,77.76554870605469,77.83618836909706,77.10537786228618,77.14435531475209,111504800.0
2020-05-21,77.1857681274414,78.16992831924948,76.94703402835367,77.62668985437112,102688800.0
2020-05-22,77.68270874023438,77.76553302219949,76.82035043454619,76.92265972172005,81803200.0
2020-05-26,77.15653228759766,78.98598935270707,77.10050081133224,78.80572515787038,125522000.0
2020-05-27,77.49270629882812,77.63886988657548,76.26981939752606,77.01281453766303,112945200.0
2020-05-28,77.52681732177734,78.79112013772229,76.88857731287194,77.16628144944023,133560800.0
2020-05-29,77.4512939453125,78.23325906401446,77.09319651884718,77.77041392140606,153532400.0
2020-06-01,78.40379333496094,78.52559509330818,77.2734694490876,77.40501742967564,80791200.0
2020-06-02,78.76675415039062,78.79111598702812,77.69246183211925,78.1358219826799,87642800.0
2020-06-03,79.20037841796875,79.46347439329524,78.51341467973708,79.08832287583549,104491200.0
2020-06-04,78.51830291748047,79.32219170894376,78.14315134550854,79.0225640816375,87560400.0
2020-06-05,80.75456237792969,80.81546325453446,78.73996405615183,78.76919528745188,137250400.0
2020-06-08,81.23201751708984,81.26612557402613,79.73629595752215,80.45005239746396,95654400.0
2020-06-09,83.79715728759766,84.19179372904645,80.87879240448521,80.91046204581917,147712400.0
2020-06-10,85.95305633544922,86.423209296877,84.30873274320918,84.74965447468956,166651600.0
2020-06-11,81.826416015625,85.51944605133392,81.72410670645458,85.0931399166828,201662400.0
2020-06-12,82.5328598022461,84.72529122191342,81.41715908416947,83.97499574044802,200146000.0
2020-06-15,83.55355072021484,84.20884464080989,81.0176377380741,81.1808553319146,138808800.0
2020-06-16,85.76789855957031,86.04074066559835,83.97498075365246,85.61686561152897,165428800.0
2020-06-17,85.64854431152344,86.57667295034399,85.52674257483635,86.51577208200045,114406400.0
2020-06-18,85.68267822265625,86.10167662066844,85.07123094103055,85.60472330344695,96820400.0
2020-06-19,85.1930160522461,86.85926309495805,84.07974627650528,86.39154853955934,264476000.0
2020-06-22,87.42198944091797,87.5657146180658,85.54137006793363,85.58765532903756,135445200.0
2020-06-23,89.28797912597656,90.71306090535926,88.25022596990101,88.6716626472519,212155600.0
2020-06-24,87.71187591552734,89.83853715411549,87.33672444267022,88.91527780438203,192623200.0
2020-06-25,88.87628936767578,88.91526681509454,87.10529481180333,87.86777486464669,137522400.0
2020-06-26,86.14551544189453,88.99324123418319,85.99691342637193,88.77156113508525,205256800.0
2020-06-29,88.13086700439453,88.22587593033623,85.57303045547391,86.05292961011511,130646000.0
2020-06-30,88.86656188964844,89.1540196957145,87.69726795722788,87.71675296795276,140223200.0
2020-07-01,88.69845581054688,89.49016708730832,88.64973957710508,88.94449769395749,110737200.0
2020-07-02,88.69845581054688,90.2477777440793,88.58396931657408,89.60953784274476,114041600.0
2020-07-06,91.07117462158205,91.54132761643254,90.10162996566636,90.133299611757,118655600.0
2020-07-07,90.78858184814452,92.2331487049888,90.67652632855658,91.4511836132447,112424400.0
2020-07-08,92.90306091308594,92.93473055595656,91.68260506078956,91.77030618213804,117092000.0
2020-07-09,93.3025894165039,93.85312833322664,92.25022039383914,93.79953525982644,125642800.0
2020-07-10,93.46578216552734,93.52425205644036,92.28187281172208,92.89575090989648,90257200.0
2020-07-13,93.03461456298828,97.39755418632492,92.82024229124636,94.77637811960794,191649200.0
2020-07-14,94.57418060302734,94.76662199734568,91.47554407654852,92.41341151615389,170989200.0
2020-07-15,95.224609375,96.7081538401462,94.02120745599402,96.45724252536824,153198000.0
2020-07-16,94.05287170410156,94.91279173687622,93.45117077912744,94.0918491550775,110577600.0
2020-07-17,93.86286163330078,94.66188079586928,93.38783184655358,94.50597842556228,92186800.0
2020-07-20,95.8409194946289,95.9797752684357,93.60464123577772,93.9505614633719,90318000.0
2020-07-21,94.51815032958984,96.71058165166797,94.26723904231956,96.63506516753144,103433200.0
2020-07-22,94.78367614746094,95.46820132434986,94.13082061211011,94.21851429558046,89001600.0
2020-07-23,90.46945190429688,94.59365659486711,89.6558172603244,94.51570170540944,197004400.0
2020-07-24,90.24534606933594,90.59126629328684,86.86412846693426,88.65949241794259,185438800.0
2020-07-27,92.38417053222656,92.47674103323078,91.08820582072968,91.31231683287815,121214000.0
2020-07-28,90.86654663085938,92.13084942839728,90.8616698028327,91.95301619177204,103625600.0
2020-07-29,92.60830688476562,92.79344792257184,91.3147729024252,91.35131194036356,90329200.0
2020-07-30,93.72888946533205,93.83363719107348,91.3683708441203,91.77762295924212,158130000.0
2020-07-31,103.54122924804688,103.69226222205124,98.24528433161116,100.25258214013374,374336800.0
2020-08-03,106.15019989013672,108.78111409101948,105.13193928641098,105.43156676230032,308151200.0
2020-08-04,106.8591079711914,107.95532367778854,105.61429026969972,106.34023134726526,173071600.0
2020-08-05,107.2464370727539,107.5679954655589,106.11124391089764,106.57896588535844,121776800.0
2020-08-06,110.9881820678711,111.48513526706203,106.98821694116845,107.5801716353025,202428800.0
2020-08-07,108.46479034423828,110.9662282348746,107.66433051713838,110.5074267277089,198045600.0
2020-08-10,110.0413055419922,111.06384515107564,107.37879853018045,109.91684136955703,212403600.0
2020-08-11,106.7686996459961,109.8021491422302,106.50757212458232,109.3018645000692,187902400.0
2020-08-12,110.31708526611328,110.5757699817199,107.6692199757992,107.86445119405543,165598000.0
2020-08-13,112.2694091796875,113.27730675270328,111.21270008616256,111.70322831118776,210082000.0
2020-08-14,112.16934967041016,112.259644279629,110.35122853945316,112.09369702768127,165565200.0
2020-08-17,111.8765106201172,113.32124690635658,111.2468836328708,113.2968411430322,119561600.0
2020-08-18,112.80875396728516,113.23582875245064,111.29080786153608,111.62758802659576,105633600.0
2020-08-19,112.95027923583984,114.37060953313464,112.85510645586432,113.2187276945782,145538000.0
2020-08-20,115.45661163330078,115.57131200892078,112.97469390875426,112.99177868647467,126907200.0
2020-08-21,121.40636444091795,121.89200702814352,116.40836728997618,116.4205664458754,338054800.0
2020-08-24,122.8584213256836,125.71616685968112,120.9841750756256,125.63074297294528,345937600.0
2020-08-25,121.85051727294922,122.1970611842936,120.1202554216441,121.72606056016689,211495600.0
2020-08-26,123.507568359375,123.9663698240554,122.10188003313584,123.17323105412804,163022400.0
2020-08-27,122.03112030029295,124.4471416696021,120.8816737597356,124.11280434438925,155552400.0
2020-08-28,121.83342742919922,123.4294611628458,121.6089048910603,123.00970746357068,187630000.0
2020-08-31,125.9650650024414,127.87836619558423,122.99751252399706,124.5398640716406,225702700.0
2020-09-01,130.98260498046875,131.5878410707446,127.4195871326475,129.5964440817618,151948100.0
2020-09-02,128.26882934570312,134.69203460571913,123.97368404550696,134.3113286127253,200119000.0
2020-09-03,117.9995346069336,125.769854004528,117.62859234953736,123.8858513348428,257599600.0
2020-09-04,118.07762908935548,120.75233522289194,108.24758859749826,117.208837599474,332607200.0
2020-09-08,110.13159942626952,116.15457202546442,109.99493609758322,111.23466984997847,231366600.0
2020-09-09,114.52438354492188,116.3010144999498,112.5134736308776,114.46581566706624,176940500.0
2020-09-10,110.78562927246094,117.62858911457678,109.81922220240573,117.4919257894212,182274400.0
2020-09-11,109.3311538696289,112.48418953048896,107.37881183624268,111.83991308462646,180860300.0
2020-09-14,112.61107635498048,113.16749347370929,110.1120812178957,111.98632757070928,140150100.0
2020-09-15,112.78678131103516,115.99838431287328,110.90277126581074,115.51029888610626,184642000.0
2020-09-16,109.4580307006836,113.23581443227282,109.37017890226149,112.4841661823785,154679000.0
2020-09-17,107.710693359375,109.52637182628672,106.11953747604608,107.1054721687997,178011000.0
2020-09-18,104.29408264160156,108.2378134895848,103.56195455603122,107.76925568547132,287104900.0
2020-09-21,107.4568862915039,107.56426567814933,100.64321065047814,102.04889902285991,195713800.0
2020-09-22,109.14564514160156,110.17062737026764,106.55879870775274,109.99491634385608,183055400.0
2020-09-23,104.56742095947266,109.43851126780731,104.2257552142683,108.96018965115049,150718700.0
2020-09-24,105.64122772216795,107.6228536776332,102.4979558834602,102.66390316746804,167743300.0
2020-09-25,109.6044692993164,109.76066022078156,105.104320779006,105.8462127607794,149981400.0
2020-09-28,112.2206039428711,112.57202605695592,110.09255111762091,112.2694154661134,137672400.0
2020-09-29,111.371337890625,112.56226761750044,110.86373228368446,111.82038307255604,99382200.0
2020-09-30,113.0503387451172,114.46579088344284,110.91252974272332,111.07847699244668,142675200.0
2020-10-01,114.0069808959961,114.91481997634796,113.06985788524445,114.83672453022074,116120400.0
2020-10-02,110.32682800292967,112.62083549619844,109.54589577865308,110.19992847147782,144712000.0
2020-10-05,113.72390747070312,113.87033459215822,110.84420635498851,111.1956284674436,106243800.0
2020-10-06,110.4635009765625,113.35296590389312,109.5751818959247,112.942968471818,161498200.0
2020-10-07,112.33773040771484,112.7965318465622,111.41036373730653,111.8886927615811,96849000.0
2020-10-08,112.23036193847656,113.62628652852617,111.8594122552234,113.4798594139574,83477200.0
2020-10-09,114.18270111083984,114.21198504359523,112.1815479665092,112.5329700547584,100506900.0
2020-10-12,121.43563842773438,122.19705039377092,116.4376416861218,117.19905365215836,240226800.0
2020-10-13,118.21427917480467,122.4020526865995,116.7988345323446,122.28490951265286,262330500.0
2020-10-14,118.30213165283205,120.09828219842764,116.7695439240563,118.116656833253,150712000.0
2020-10-15,117.83358001708984,118.31190163855123,115.33458507506344,115.89100215036126,112559200.0
2020-10-16,116.1838607788086,118.65357948698856,115.97886577727772,118.3900091653109,115393800.0
2020-10-19,113.21630096435548,117.55049456986758,112.90392658334925,117.10145686264568,120639300.0
2020-10-20,114.70985412597656,116.14482666045387,112.87464791422332,113.43106507579682,124423700.0
2020-10-21,114.0850830078125,115.88123368813292,113.67508561548536,113.88984438108716,89946000.0
2020-10-22,112.99178314208984,115.22721542582592,111.8594213085426,114.65127071459952,101988000.0
2020-10-23,112.29869842529295,113.77271853280853,111.55680647449412,113.61652761786443,82572600.0
2020-10-26,112.3084487915039,113.77270492986725,110.19015258450182,111.29323030852764,111850700.0
2020-10-27,113.82152557373048,114.48532208435296,111.81061590078274,112.73797527774974,92276800.0
2020-10-28,108.5501937866211,112.67939969232737,108.45257819271724,112.30845745645568,143937800.0
2020-10-29,112.572021484375,114.14365713975116,109.52636576854944,109.6923204722767,146129200.0
2020-10-30,106.26596069335938,109.32137281201784,105.15312650585602,108.41353361193956,190272600.0
2020-11-02,106.17811584472656,108.0426060199428,104.76267088107376,106.51001785576123,122866900.0
2020-11-03,107.80829620361328,108.83327098633872,106.13904517381052,107.04688423713394,107624400.0
2020-11-04,112.2108383178711,112.83558707769674,109.67279555013027,111.42014229787765,138235500.0
2020-11-05,116.19361877441406,116.76956346695528,114.08509354419144,115.13935243550635,126387100.0
2020-11-06,116.06159973144533,116.56030035576156,113.55828613023952,115.6997907349838,114457900.0
2020-11-09,113.74407958984376,119.28851498096144,113.4800620542651,117.83151329552524,154515300.0
2020-11-10,113.40186309814452,114.9859836686819,111.602605740192,112.99116572507504,138023400.0
2020-11-11,116.84387969970705,116.98077878862294,113.86142673639227,114.5948179100593,112295000.0
2020-11-12,116.5700912475586,117.8608595224864,115.94426465731732,116.9710153702914,103162300.0
2020-11-13,116.6189956665039,117.01991235865556,115.25977774017278,116.79500987439638,81581900.0
2020-11-16,117.6359634399414,118.31067833952989,115.53357362715566,116.28651871988076,91183000.0
2020-11-17,116.74610137939452,117.99775451631758,116.32562345429308,116.9025617517305,74271000.0
2020-11-18,115.41622924804688,117.16659066596934,115.38689479049964,115.98338696209944,76322100.0
2020-11-19,116.01271057128906,116.4234078594296,114.22323422382374,114.98595989049652,74113000.0
2020-11-20,114.74149322509766,116.13982606512717,114.69260495515206,116.0127076107394,73604300.0
2020-11-23,111.32878875732422,115.01530623548138,111.23100475073056,114.58504765393948,127959300.0
2020-11-24,112.61956024169922,113.28450195004916,110.096692513509,111.38746829481332,113874200.0
2020-11-25,113.46050262451172,114.16455934476237,112.61954681537244,112.99113645130517,76499200.0
2020-11-27,114.0081024169922,114.8881733438364,113.64630086849698,113.98854860103611,46691300.0
2020-11-30,116.41363525390624,118.29111497501631,114.22323478550324,114.37969515914972,169410200.0
2020-12-01,120.00237274169922,120.73576402805044,117.35238645560318,118.33024150407148,127728200.0
2020-12-02,120.35440063476562,120.63797949284636,118.21289570055283,119.3178692147776,89004200.0
2020-12-03,120.21751403808594,121.03890877972373,119.5036764989022,120.78466435283656,78967600.0
2020-12-04,119.54277801513672,120.13927018325414,118.8289405570736,119.88502578525936,78260400.0
2020-12-07,121.00955963134766,121.81140045533569,119.54277709036162,119.60144600465968,86712000.0
2020-12-08,121.62560272216795,122.21232169297149,120.36416887164704,121.6158295436451,82225500.0
2020-12-09,119.08317565917967,123.1608290458489,118.32044998517723,121.77227679520644,115089200.0
2020-12-10,120.5108413696289,121.12689475984914,117.48927316966918,117.83152090843532,81312200.0
2020-12-11,119.69921875,120.04146646393382,117.88040808687671,119.7187725648931,86939800.0
2020-12-14,119.08317565917967,120.61840764569368,118.84849255805,119.88501642677728,79184500.0
2020-12-15,125.048095703125,125.067656981127,121.3811394241266,121.58648808049752,157243700.0
2020-12-16,124.97964477539062,125.52724118635253,123.75732602917816,124.58850874495587,98208600.0
2020-12-17,125.84992218017578,126.71043926367398,125.20453436755214,126.04549017527584,94359800.0
2020-12-18,123.85511779785156,126.24108638359084,123.32707520295313,126.1041872805181,192541500.0
2020-12-21,125.3903350830078,125.46856526890376,120.71618965212184,122.25142161323429,121251600.0
2020-12-22,128.95950317382812,131.43347476564324,126.77887610208518,128.6954781848822,168904800.0
2020-12-23,128.0598602294922,129.49729293544286,127.88383862167692,129.2332829050382,88223700.0
2020-12-24,129.04751586914062,130.50452508142843,128.19678685760132,128.411916135144,54930100.0
2020-12-28,133.6630096435547,134.2986094599442,130.5534228147209,131.0228039834139,124486200.0
2020-12-29,131.88328552246094,135.71647493804102,131.36502361939029,134.99287186176662,121047300.0
2020-12-30,130.7587890625,132.97852438349952,130.44586825914976,132.57760019953898,96452100.0
2020-12-31,129.7515869140625,131.7561927189475,128.80306633693473,131.1108048151708,99116600.0
2021-01-04,126.54421997070312,130.65120801377864,123.95290271141998,130.56320464420665,143301900.0
2021-01-05,128.10877990722656,128.82262480989533,125.58591218267613,126.03573205393477,97664900.0
2021-01-06,123.79644012451172,128.14789930215,123.5813108332451,124.89164039803204,155088000.0
2021-01-07,128.02078247070312,128.71506612744008,125.02854837897873,125.51747590823786,109578200.0
2021-01-08,129.12576293945312,129.69292066160676,127.34605957812092,129.4973377139866,105158200.0
2021-01-11,126.12371063232422,127.28736025663288,125.65434449609972,126.3290667099177,100384500.0
2021-01-12,125.9477081298828,126.81799835276558,124.05066732652732,125.6543486896219,91951100.0
2021-01-13,127.99141693115234,128.53901324360268,125.64457132897071,125.90858138762184,88636800.0
2021-01-14,126.05526733398438,128.09898030904876,125.90858015972827,127.90341233092091,90221800.0
2021-01-15,124.32447814941406,127.33627319568878,124.18757905280532,125.92815967578036,111598500.0
2021-01-19,124.99920654296876,125.85972371835676,124.1289161890907,124.95031080875204,90757300.0
2021-01-20,129.10621643066406,129.55603637241362,125.70328462932032,125.81084929446354,104319500.0
2021-01-21,133.83901977539062,136.57701697846284,130.6316563126411,130.8370124442474,120150900.0
2021-01-22,135.9903106689453,136.75303642382855,132.02999468266142,133.26208668957645,114459400.0
2021-01-25,139.7550506591797,141.87699445932435,133.51633027696087,139.90173787834547,157611700.0
2021-01-26,139.98974609375,141.10450036185256,138.23937702907264,140.42000474475194,98390600.0
2021-01-27,138.9140625,141.10446281272274,137.3006079089825,140.25371891703733,140843800.0
2021-01-28,134.05413818359375,138.8456366294971,133.67277533095648,136.43033358916676,142621100.0
2021-01-29,129.0377655029297,133.71191168514858,127.3265190787023,132.822059963538,177523800.0
2021-02-01,131.16946411132812,132.38200963670096,128.03054311559552,130.78810127267676,106239800.0
2021-02-02,132.0006561279297,133.29141701118044,131.62906644112428,132.72425930217142,83305400.0
2021-02-03,130.97393798828125,132.76341493295914,130.65124395685862,132.7536268308362,89880900.0
2021-02-04,134.34750366210938,134.357276841014,131.60950655954667,133.28164524703553,84183100.0
2021-02-05,133.9312744140625,134.57762667448057,133.04989583580434,134.50908231283685,75693800.0
2021-02-08,134.07818603515625,134.12715483434243,132.12934139571024,133.2163829876538,71297200.0
2021-02-09,133.1968231201172,135.02815501734196,133.04014384712997,133.79420674398077,76774200.0
2021-02-10,132.58963012695312,134.15654214720848,131.62010163331232,133.65708128237208,73046600.0
2021-02-11,132.33497619628906,133.56890897986432,131.00310583519575,133.089038759108,64280000.0
2021-02-12,132.57003784179688,132.72673203035987,130.92479369142615,131.57114601186336,60145100.0
2021-02-16,130.4351043701172,133.19676780306924,130.0433689923808,132.68753422677702,80576300.0
2021-02-17,128.13372802734375,129.48518916522133,126.79206961510138,128.53525125572466,97918500.0
2021-02-18,127.027099609375,127.31109470718502,124.77466956053536,126.52763882804366,96856700.0
2021-02-19,127.18376922607422,128.00640605579716,126.135908834607,127.5461263219299,87668800.0
2021-02-22,123.39382934570312,127.03688645517336,123.00210140901802,125.36224933905484,103916400.0
2021-02-23,123.2567367553711,124.08915402582352,115.94124359187607,121.20017424260932,158273000.0
2021-02-24,122.7572784423828,122.96293393818704,119.70181682290357,122.35576270436196,111039900.0
2021-02-25,118.48746490478516,123.8443257123782,118.04677560357412,122.10114407243825,148199500.0
2021-02-26,118.75189208984376,122.26763388606416,118.69312803340895,120.05437704063756,164560400.0
2021-03-01,125.14682006835938,125.28392374079456,120.25023899113236,121.19038166136916,116307900.0
2021-03-02,122.53204345703124,126.05758022008334,122.42431807921778,125.75399459438512,102260900.0
2021-03-03,119.53533172607422,123.10983731286296,119.31988096888192,122.2284512477988,112966300.0
2021-03-04,117.645263671875,121.04349240645304,116.16650144793978,119.23175875743436,178155000.0
2021-03-05,118.90857696533205,119.41782559806704,115.13821090718524,118.47768289716012,153766600.0
2021-03-08,113.9532470703125,118.49727417654536,113.80634812866808,118.42872233332336,154376600.0
2021-03-09,118.58539581298828,119.53533372838127,116.33297302186078,116.56800681928502,129525800.0
2021-03-10,117.49835205078124,119.64304928541644,116.97930822801747,119.17298172916315,111943300.0
2021-03-11,119.43741607666016,120.66156146216822,118.75189764941184,120.00542132871762,103026500.0
2021-03-12,118.52664184570312,118.66374551985696,116.69532528168106,117.9096753120108,88105100.0
2021-03-15,121.4254150390625,121.43521029322804,117.92925646093556,118.89878489040191,92403800.0
2021-03-16,122.97273254394533,124.58860573684278,122.14031528444951,123.10004095769754,115227900.0
2021-03-17,122.17949676513672,123.25674313985049,119.80954577485848,121.48418312807976,111932600.0
2021-03-18,118.0369873046875,120.63217688102142,117.83133178723176,120.33837901517605,121229700.0
2021-03-19,117.5081558227539,118.91837362659142,117.2045701733795,117.42002094580911,185549500.0
2021-03-22,120.83782196044922,121.30789701087852,117.77256502944914,117.84111686267951,111912300.0
2021-03-23,120.00540924072266,121.67024380868072,119.61368126250024,120.77906994302474,95467100.0
2021-03-24,117.60606384277344,120.3579470937916,117.5864808087754,120.27960001462203,88530500.0
2021-03-25,118.09573364257812,119.14360911976512,116.53862451483528,117.06745614451854,98844700.0
2021-03-26,118.70291900634766,118.96733857179096,116.4602839493928,117.86070645319992,94071200.0
2021-03-29,118.87918090820312,120.04456945935588,118.23283616673923,119.13380518651988,80819200.0
2021-03-30,117.4200210571289,117.90967918708223,116.40153125023517,117.62567657511848,85671900.0
2021-03-31,119.62348175048828,120.96514023474477,118.64416549787944,119.13382362418386,118323800.0
2021-04-01,120.45590209960938,121.61149560560744,119.95644870617548,121.1022544289462,75089100.0
2021-04-05,123.29590606689452,123.55053036059856,120.52443954027072,121.30789545708804,88651200.0
2021-04-06,123.5994873046875,124.50045634698014,123.05107266530749,123.88348987767762,80171300.0
2021-04-07,125.25454711914062,125.27413015621104,122.55163223644252,123.22736282501452,83466700.0
2021-04-08,127.66365051269533,127.69302880095884,125.8617124310346,126.28281119159718,88844600.0
2021-04-09,130.24905395507812,130.2882200278853,126.79206898164956,127.11524511923088,106686700.0
2021-04-12,128.52548217773438,130.10218208699078,127.92809861104266,129.77900590076266,91420000.0
2021-04-13,131.6494598388672,131.8747133072664,129.20116952027027,129.7006303088981,91266500.0
2021-04-14,129.2991485595703,132.2077195859151,128.93680625807934,132.14896299034174,87222800.0
2021-04-15,131.718017578125,132.20767563603624,130.87580512079057,131.05208979209115,89347100.0
2021-04-16,131.3850555419922,131.8845013885763,130.52325256607145,131.52215920241792,84922400.0
2021-04-19,132.05101013183594,132.66798420053073,130.58203563927216,130.7485176219143,94264200.0
2021-04-20,130.35679626464844,132.72673997153393,129.08368205696783,132.22729402668483,94812300.0
2021-04-21,130.73873901367188,130.9835681129484,128.5842459286748,129.62231891869814,68847100.0
2021-04-22,129.21096801757812,131.3752482202258,128.69193168247196,130.2882067566081,84566500.0
2021-04-23,131.5417938232422,132.32523503516677,129.42646668740596,129.42646668740596,78657500.0
2021-04-26,131.9335174560547,132.2664814730799,130.79750675224483,132.04124286664327,66905100.0
2021-04-27,131.61029052734375,132.60919713681915,131.3360832138686,132.21746172958476,66015800.0
2021-04-28,130.81707763671875,132.22729554802524,130.32741946991408,131.5319743761628,107760100.0
2021-04-29,130.71913146972656,134.2348882340744,129.71043690758862,133.64729249509793,151101000.0
2021-04-30,128.7409210205078,130.79747618312226,128.35898828008084,129.05429445059093,109839500.0
2021-05-03,129.79855346679688,131.2969208954017,129.10324738175748,129.30889540114953,75135100.0
2021-05-04,125.20558166503906,128.77029970589498,124.07936647785236,128.47650184085842,137564700.0
2021-05-05,125.45042419433594,127.75180853685912,125.32310829332822,126.52766316003374,84000900.0
2021-05-06,127.05652618408205,127.06631396938904,124.50050208809536,125.24478470897913,78128300.0
2021-05-07,127.7333526611328,128.76336920466838,127.01722681860784,128.36117896883368,78973300.0
2021-05-10,124.4372787475586,127.07610916362736,124.39803865977372,126.94859197581916,88071200.0
2021-05-11,123.51515197753906,123.86829776786942,120.43486897470132,121.15098741607424,126142800.0
2021-05-12,120.4348602294922,122.26929474583534,119.92475413891712,121.05288215732536,112172300.0
2021-05-13,122.593017578125,123.75057376554258,121.8965229842785,122.21043614607242,105861300.0
2021-05-14,125.02584075927734,125.45747415661114,123.45627497480903,123.84866829199612,81918000.0
2021-05-17,123.86829376220705,124.51574390615052,122.78921767324849,124.4078355488266,74244600.0
2021-05-18,122.4753189086914,124.57461495126144,122.4066506263375,124.15279336414982,63342900.0
2021-05-19,122.31836700439452,122.54398815492571,120.5231722718028,120.81746918950954,92612000.0
2021-05-20,124.88851928710938,125.29072454392409,122.72055511635658,122.84808726328852,76857100.0
2021-05-21,123.04426574707033,125.56538290126356,122.82844904772396,125.38880628218745,79295400.0
2021-05-24,124.6825180053711,125.50654484276669,123.54458544855382,123.61325372798002,63092900.0
2021-05-25,124.48632049560548,125.87931730247864,123.91735049591648,125.38881998762746,72009500.0
2021-05-26,124.4372787475586,124.96700870623197,124.01545715922322,124.54518711789656,56575900.0
2021-05-27,122.89714050292967,125.21225328568384,122.70094754884468,124.03508059261084,94625600.0
2021-05-28,122.23988342285156,123.40725168380898,122.18102703466256,123.18162305528226,71311100.0
2021-06-01,121.91615295410156,122.96580090820794,121.58262345666635,122.7009396887318,67637100.0
2021-06-02,122.6812973022461,122.8578739165501,121.69051336824896,121.91613446835532,59278900.0
2021-06-03,121.19022369384766,122.47530460681384,120.78801845539776,122.30853986689682,76229200.0
2021-06-04,123.49552917480467,123.7603978750087,121.49432976419564,121.71014648753794,75169300.0
2021-06-07,123.5053482055664,123.91735789160782,122.45570020487158,123.77020943679835,71057600.0
2021-06-08,124.32935333251952,126.01664693882614,123.80943533813992,124.19201678624115,74403800.0
2021-06-09,124.7119369506836,125.32014701212849,124.11353878108088,124.79041711685984,56877900.0
2021-06-10,123.71134185791016,125.75178128651456,123.54457711687591,124.60402943024918,71186400.0
2021-06-11,124.9277572631836,125.01604932374462,123.70153269741957,124.12335424741364,53522400.0
2021-06-14,127.99822235107422,128.05707873593678,124.65308558909015,125.3888203369956,96906500.0
2021-06-15,127.17420196533205,128.11594902096468,126.92895705140872,127.46849885575232,62746300.0
2021-06-16,127.6745147705078,128.40044520998504,126.01667148485512,127.89033152363446,91815000.0
2021-06-17,129.2832794189453,130.0288334055602,127.18398392503316,127.33113982855087,96721700.0
2021-06-18,127.97860717773438,129.0086237987858,127.762790464918,128.22385208152016,108953300.0
2021-06-21,129.78359985351562,129.8915082047492,126.75237658053705,127.821640717313,79663300.0
2021-06-22,131.43165588378906,131.5297598411162,129.11654319535432,129.61685242173547,74783600.0
2021-06-23,131.156982421875,131.76520001229738,130.69592076705774,131.2256581855365,60214200.0
2021-06-24,130.87249755859375,132.07909832638276,130.40161655333247,131.89270979953702,68711000.0
2021-06-25,130.57821655273438,131.3433795686376,130.28391963079545,130.92156545642365,70783700.0
2021-06-28,132.2164306640625,132.67749227833716,130.81363700639858,130.87249338804028,62111300.0
2021-06-29,133.7369384765625,133.89389879071305,131.7946032367677,132.23604102282658,64556100.0
2021-06-30,134.35498046875,134.79641832088436,133.2857012660367,133.57999815698017,63261400.0
2021-07-01,134.6590576171875,134.71791399110828,133.1777690202394,134.0018031608072,52485800.0
2021-07-02,137.2979278564453,137.33716045898035,135.12995609446102,135.27709706467058,78852600.0
2021-07-06,139.3187713623047,140.42726848478804,137.40586352667225,137.40586352667225,108181800.0
2021-07-07,141.82025146484375,142.13415720522474,139.9465765258113,140.8098285382815,104911600.0
2021-07-08,140.51553344726562,141.31992899374495,137.99440850816325,138.8871036011299,105575500.0
2021-07-09,142.34999084472656,142.8797133932339,139.93677375614516,140.03487773147413,99890800.0
2021-07-12,141.75155639648438,143.53694650624914,141.26106658196366,143.42903814831217,76299700.0
2021-07-13,142.86985778808594,144.6552477130662,140.89809432646857,141.29048015004943,100827100.0
2021-07-14,146.3131103515625,146.72513498123757,144.8710690533849,145.28309368305997,127050800.0
2021-07-15,145.65586853027344,147.14696193575338,144.29230728174466,146.4014227172949,106820300.0
2021-07-16,143.60560607910156,146.9115026110032,143.10531186121412,145.6362410789104,93251400.0
2021-07-19,139.7405242919922,141.32972123230303,138.97536149310733,141.01580061298665,121434600.0
2021-07-20,143.37017822265625,144.3021209193644,140.24086553021954,140.7313553838291,96350000.0
2021-07-21,142.6344451904297,143.35057116284176,141.87910158397807,142.76197734387125,74993500.0
2021-07-22,144.0078125,145.3811779928807,143.0366372788164,143.16416942049864,77338200.0
2021-07-23,145.7343292236328,145.89128955450275,144.12552325361847,144.74354520106823,71447400.0
2021-07-26,146.1561737060547,146.980193077467,144.89070148629196,145.44986711096914,72434100.0
2021-07-27,143.97836303710938,146.37195537269358,142.7815668693173,146.28365584304146,104818600.0
2021-07-28,142.222412109375,144.17456681822588,139.82881959319283,142.05564738076365,118931200.0
2021-07-29,142.86985778808594,143.76255275057608,141.8300218838929,141.9379302306616,56699500.0
2021-07-30,143.08566284179688,143.5467243797055,141.3689488083035,141.6338174503817,70440600.0
2021-08-02,142.75213623046875,144.1549296833846,142.48726758317963,143.57615539030292,62880000.0
2021-08-03,144.55712890625,145.2241877314473,142.41858597255657,143.03660780126913,64786600.0
2021-08-04,144.1549530029297,144.97897229606318,143.4976984499379,144.4688736680631,56368300.0
2021-08-05,144.2628631591797,145.02802607928103,143.38979188016344,144.18438299191783,46397700.0
2021-08-06,143.57516479492188,144.52814197909717,143.0741209625058,143.7814857794398,54126800.0
2021-08-09,143.52603149414062,144.12532623715828,142.96604312269145,143.6341015294713,48908700.0
2021-08-10,143.0446319580078,145.11760069486573,142.74989415357072,143.86988581764166,69023100.0
2021-08-11,143.30010986328125,144.14501718146428,142.975899672363,143.48677769965775,48493500.0
2021-08-12,146.27688598632812,146.43408148324338,143.2804124119522,143.62427568758085,72282600.0
2021-08-13,146.48321533203125,146.81724453884937,145.66778050998334,146.3554921096055,59375000.0
2021-08-16,148.4677276611328,148.53650630513908,143.8993445896947,145.93300676651384,103296000.0
2021-08-17,147.5540771484375,149.0179171538943,146.47337681670123,147.59336852823333,92229700.0
2021-08-18,143.7913055419922,148.07478584611837,143.58498455652062,147.17093412941145,86326000.0
2021-08-19,144.12533569335938,145.40252301534065,141.9639498359238,142.48464686095633,86960300.0
2021-08-20,145.5891876220703,145.89374455558095,144.20393028804864,144.85235052835526,60549600.0
2021-08-23,147.08250427246094,147.5540757805797,145.2944391930709,145.7070661365483,60131800.0
2021-08-24,146.99407958984375,148.21232228535538,146.53232715635886,146.82706498490072,48606400.0
2021-08-25,145.7561798095703,147.68178704763378,145.20601059611982,147.18072830675175,58991300.0
2021-08-26,144.95059204101562,146.5028640435845,144.92111975541536,145.7463887251916,48597200.0
2021-08-27,145.9919891357422,146.13935055166783,144.25304947287754,144.89163559653989,55802400.0
2021-08-30,150.43264770507812,150.7961641778543,146.00180629681233,146.3849609641259,90956700.0
2021-08-31,149.16529846191406,150.11827560641547,148.63476737580575,149.98073328612602,86453100.0
2021-09-01,149.8333740234375,152.26002558772805,149.66635940047297,150.14776507206977,80313700.0
2021-09-02,150.95333862304688,152.00456663709258,149.7252769193417,151.169478682178,71115500.0
2021-09-03,151.5919647216797,151.91617486388267,150.40319420026873,151.0614335831693,57808700.0
2021-09-07,153.9400177001953,154.5000061313272,151.68038080580888,152.2502033263752,82278300.0
2021-09-08,152.38771057128906,154.28383051277808,151.2775380721041,154.22488595370393,74420200.0
2021-09-09,151.36598205566406,153.3701721800447,151.24807793706208,152.7610583660542,57305700.0
2021-09-10,146.35549926757812,152.75123994335087,146.0902337122543,152.27966839354465,140893200.0
2021-09-13,146.9253387451172,148.76251467582847,146.13937607725978,147.98638609807605,102404300.0
2021-09-14,145.52041625976562,148.4186542998016,144.33166075059606,147.71128945509335,109296300.0
2021-09-15,146.4144287109375,146.81723655129747,143.80110978356157,145.95267630681514,83281300.0
2021-09-16,146.1786651611328,146.35551387933458,144.63622712904862,145.8348168056701,68034100.0
2021-09-17,143.49658203125,146.20815244313624,143.20184416156792,146.20815244313624,129868800.0
2021-09-20,140.43130493164062,142.29795259981054,138.7906164043365,141.27621192681983,123478900.0
2021-09-21,140.91275024414062,142.0622295604877,140.2741639492744,141.40397508357387,75834000.0
2021-09-22,143.29026794433594,143.86007547170124,141.17799248976206,141.91482962696435,76404300.0
2021-09-23,144.25303649902344,144.49864883080187,143.0839194012002,144.0761878248297,64838200.0
2021-09-24,144.3414764404297,144.881826655015,143.00534454208665,143.1035954869165,53477900.0
2021-09-27,142.8186798095703,143.39833641093568,141.2958950689208,142.91693075651082,74150700.0
2021-09-28,139.41940307617188,142.20955587688627,139.20326300094865,140.73588172272164,108972300.0
2021-09-29,140.32322692871094,141.91478990244383,139.5372645375023,139.96954460221633,74602000.0
2021-09-30,139.0166015625,141.84606086491695,138.8004614773993,141.13869603931272,89056700.0
2021-10-01,140.1464080810547,140.41167363009774,136.6685436232225,139.40957099337092,94639600.0
2021-10-04,136.6980438232422,139.71417144710756,135.8433174240975,139.27205711141977,98322000.0
2021-10-05,138.63343811035156,139.7436107509028,136.91415162715586,137.04187484873813,80861100.0
2021-10-06,139.50782775878906,139.6551891860821,135.94153130840195,137.02223174518275,83221100.0
2021-10-07,140.77516174316406,141.68884744032314,140.21517340508834,140.5492025885712,61732700.0
2021-10-08,140.39202880859375,141.6495629805559,140.05799957344533,141.50220155063448,58773200.0
2021-10-11,140.30361938476562,142.26851850644232,139.32116982392728,139.7731032179488,64452200.0
2021-10-12,139.02639770507812,140.7358649165263,138.56464532596834,140.7162117326742,73035900.0
2021-10-13,138.43692016601562,138.9183106790764,136.75692544045563,138.7611302004565,78762700.0
2021-10-14,141.2369384765625,141.35484261356876,139.026427042819,139.61590275487995,69907100.0
2021-10-15,142.2979736328125,142.35691820079558,140.99131407556214,141.24676052480717,67940300.0
2021-10-18,143.9779510498047,144.26285475697728,140.64744844988806,140.93235215706065,85589200.0
2021-10-19,146.149169921875,146.55197778080822,143.97796510457945,144.42988344158726,76378900.0
2021-10-20,146.64041137695312,147.12181704316637,145.5204195129586,146.09024203898952,58418800.0
2021-10-21,146.85653686523438,147.0137323721567,145.2747926804265,146.19829754485934,61421000.0
2021-10-22,146.08041381835938,147.54425393167557,146.03128834675385,147.06286328651325,58883400.0
2021-10-25,146.03126525878906,146.7484490596756,145.0291627622304,146.0705566352679,50720600.0
2021-10-26,146.69937133789062,148.19268383326175,146.3947993904891,146.70919043645577,60893400.0
2021-10-27,146.23757934570312,147.10212450653455,145.88389701004922,146.7386230749686,56094900.0
2021-10-28,149.892333984375,150.48179471563267,147.0923467901825,147.19059774088726,100077900.0
2021-10-29,147.17091369628906,147.30845600384407,143.84041104314798,144.6361926076438,124953200.0
2021-11-01,146.345703125,147.07270625519763,145.206057959133,146.375175414549,74588300.0
2021-11-02,147.38705444335938,148.90985392123366,146.04108865132204,146.05092273897117,69122000.0
2021-11-03,148.8312530517578,149.30282452841442,147.19056448442203,147.75055280214167,54511500.0
2021-11-04,148.31057739257812,149.75476431013496,147.99618636903574,148.9196912619551,60394600.0
2021-11-05,148.8418426513672,149.74701335342064,147.6415039999154,149.44201197709307,65463900.0
2021-11-08,148.0154266357422,149.12721972345574,147.73994047446502,148.9697947704774,55020900.0
2021-11-09,148.37942504882812,148.98942783717524,147.64151263858898,147.77925568798562,56787900.0
2021-11-10,145.53599548339844,147.71038387651012,145.46713146876658,147.6021561282038,65187100.0
2021-11-11,145.48683166503906,147.02168734705307,145.299891419407,146.55927596689625,41000000.0
2021-11-12,147.5726776123047,147.9760583993714,145.1031206526365,146.03780688666032,63804000.0
2021-11-15,147.58248901367188,149.4321943467607,147.0216683492437,147.9465210157881,59222800.0
2021-11-16,148.5663604736328,149.0484686374174,146.93311078851696,147.52344670283009,59256200.0
2021-11-17,151.01625061035156,152.50190896401386,148.55654240125455,148.56637582945865,88807000.0
2021-11-18,155.32566833496094,156.1127780614929,150.58335812980553,151.23272478015957,137827700.0
2021-11-19,157.96246337890625,158.42488972086915,154.00724839540393,155.10919286329815,117305600.0
2021-11-22,158.42489624023438,163.02946296730474,158.40521437024992,159.0742478210408,117467900.0
2021-11-23,158.80862426757812,159.19233819564988,156.4964922568449,158.52328967244796,96041900.0
2021-11-24,159.33006286621094,159.52683652223214,157.06712828979803,158.15923934551347,69463600.0
2021-11-26,154.28273010253906,157.86406453369798,153.83998564240557,156.99825748204293,76959800.0
2021-11-29,157.65744018554688,158.59212616850718,156.23079761838784,156.8014516426784,88748200.0
2021-11-30,162.63595581054688,162.8524113952291,157.34265744256288,157.41153649808527,174048100.0
2021-12-01,162.1144256591797,167.5552981041379,161.87828830607867,164.78074050344472,152052500.0
2021-12-02,161.1207275390625,161.55363860315867,155.25679134230904,156.18164406781122,136739200.0
2021-12-03,159.23167419433594,162.30140038632877,157.14584634317362,161.37654765598526,118023100.0
2021-12-06,162.6555938720703,165.17433271042214,161.63234683594757,161.64218026428557,107497000.0
2021-12-07,168.42111206054688,168.81467433212117,165.62688749026452,166.35496643302778,120405400.0
2021-12-08,172.25827026367188,173.124092272762,167.9488570984391,169.35581786321058,116998900.0
2021-12-09,171.7466583251953,173.90136505237254,171.1169736434836,172.0910234690597,108923700.0
2021-12-10,176.55784606933594,176.73495286088573,171.87456720769728,172.38619070089263,115402700.0
2021-12-13,172.9076690673828,179.1946832091292,172.7010469537589,178.20095139593482,153237000.0
2021-12-14,171.5203399658203,174.87538488790156,169.43451263026927,172.42551060224557,139380400.0
2021-12-15,176.41024780273438,176.6070214257053,169.53289933534148,172.28777509552998,131063300.0
2021-12-16,169.4837188720703,178.22060671100195,167.99806060749398,176.39058331265454,150185800.0
2021-12-17,168.3817901611328,170.67424008979302,166.95516235498613,167.19128474267674,195432700.0
2021-12-20,167.0142059326172,167.83083095020905,164.76111956870264,165.56789614412995,107499100.0
2021-12-21,170.20199584960938,170.40860295771236,166.3943568587202,168.79503477199808,91185900.0
2021-12-22,172.80926513671875,173.02572066741223,169.37550695696137,170.25116250826932,92135300.0
2021-12-23,173.43894958496094,173.99977028074508,172.44523284134146,173.01588696564417,68356600.0
2021-12-27,177.42367553710938,177.51222143014604,174.21622141544026,174.2358882719811,74919600.0
2021-12-28,176.40040588378906,178.40753594573462,175.65266008371333,177.2563944452948,79144300.0
2021-12-29,176.48898315429688,177.71883722352266,175.26896251299274,176.4397859889544,62348900.0
2021-12-30,175.32798767089844,177.6598011226114,175.21975991564707,176.57752357009767,59773000.0
2021-12-31,174.70816040039062,176.34139522760188,174.40314397424044,175.21976889427975,64062300.0
2022-01-03,179.0765838623047,179.9325724934608,174.8458979227722,174.96395910795226,104487900.0
2022-01-04,176.8037872314453,179.9915738289436,176.233133241055,179.6865724748943,99310400.0
2022-01-05,172.10084533691406,177.26623207071754,171.8253592454738,176.71525988783705,94537600.0
2022-01-06,169.22792053222656,172.47473828919735,168.8737219585049,169.91663581088895,96904000.0
2022-01-07,169.39517211914062,171.33342326280658,168.27354584929702,170.10356923829096,86709100.0
2022-01-10,169.41485595703125,169.71985735659894,165.45964116459655,166.35497850794255,106765600.0
2022-01-11,172.25827026367188,172.3566495746992,168.06693328968436,169.5427580708883,76138300.0
2022-01-12,172.70101928710938,174.32442058444914,172.00247061263863,173.28150678006202,74805200.0
2022-01-13,169.41485595703125,173.7734514644189,169.02129365689015,172.94699315342262,84505800.0
2022-01-14,170.28070068359375,170.97924946347322,168.33260081738436,168.5785716579076,80440800.0
2022-01-18,167.06336975097656,169.7592001008731,166.67965590489592,168.74580160961233,90956700.0
2022-01-19,163.5509033203125,168.32274293847112,163.2655837924122,167.26014726021518,94815000.0
2022-01-20,161.85862731933594,166.94530189723943,161.53394404676334,164.28882013685185,91420500.0
2022-01-21,159.79248046875,163.64930096456078,159.684252711932,161.77008037475142,122848900.0
2022-01-24,159.01524353027344,159.68429210461483,152.20677163751031,157.44103896705758,162294600.0
2022-01-25,157.20484924316406,160.13681684031084,154.48933714106155,156.41773971689992,115798400.0
2022-01-26,157.1163330078125,161.74058170445005,155.27647596564844,160.86492613213542,108275300.0
2022-01-27,156.65390014648438,161.19943618602957,155.72904744290105,159.83183900024744,121954600.0
2022-01-28,167.58485412597656,167.60453599673465,160.1762136431983,163.03931781732004,179935700.0
2022-01-31,171.963134765625,172.17959030875696,166.77806518529516,167.41759838559184,115541600.0
2022-02-01,171.79586791992188,172.0221568809913,169.53293327062335,171.20553191997683,86213900.0
2022-02-02,173.00601196289062,173.04537569665726,170.5364706257649,171.93358291716743,84914300.0
2022-02-03,170.1134033203125,173.39958469623934,169.34597560709165,171.66794061482483,89418100.0
2022-02-04,169.82772827148438,171.5123187730984,168.14313776987035,169.1282745462075,82465400.0
2022-02-07,169.10858154296875,171.3645381321525,168.40912782220337,170.29074266054957,77251200.0
2022-02-08,172.2314453125,172.74372058834862,168.88197162517284,169.1775156317006,74829200.0
2022-02-09,173.659912109375,174.0244079113753,172.30041852916588,173.43333485667165,71285000.0
2022-02-10,169.56173706054688,172.8717972289068,169.00021691491136,171.55171755685703,90865900.0
2022-02-11,166.1334991455078,170.5075097270727,165.54241094670274,169.76865699456505,98670700.0
2022-02-14,166.3699188232422,167.05951162338678,164.08439407762512,164.88235253436352,86185500.0
2022-02-15,170.22177124023438,170.3793967268219,167.7195305266309,168.428830184281,62527400.0
2022-02-16,169.9853515625,170.7636029916525,167.5225096535446,169.2957588343913,61177400.0
2022-02-17,166.3699188232422,169.35488232615032,165.9660091003019,168.48795707339963,69589300.0
2022-02-18,164.81336975097656,168.0052029771983,163.71986743369874,167.29591839625454,82772700.0
2022-02-22,161.87767028808594,164.21243946447404,159.73991041394962,162.52784908789482,91162800.0
2022-02-23,157.6908416748047,163.68045969243948,157.3755907096695,163.07952569314477,90009200.0
2022-02-24,160.32115173339844,160.42951737151856,149.74077817946358,150.31215926846122,141147500.0
2022-02-25,162.3998260498047,162.66580219316097,158.47897031474255,161.40482814763232,91974200.0
2022-02-28,162.66578674316406,162.96133079526325,160.0157662949329,160.6364073011417,95056600.0
2022-03-01,160.77432250976562,164.12379664388249,159.56260845656183,162.2520277075245,83474400.0
2022-03-02,164.0843963623047,164.87250887287016,160.52805162347445,161.9466511360931,79724800.0
2022-03-03,163.75930786132812,166.39948265353257,163.08942196348315,165.9660199986933,76678400.0
2022-03-04,160.74476623535156,163.0893965768349,159.6906776997061,162.04515399744983,83737200.0
2022-03-07,156.9323272705078,162.56731211896027,156.67618202976143,160.9319810895707,96418800.0
2022-03-08,155.09996032714844,160.45910761981767,153.4843363667405,156.45945409783195,131148300.0
2022-03-09,160.52804565429688,160.9812152164197,157.04066784211605,159.07989329168066,91454900.0
2022-03-10,156.1638946533203,158.00609571698396,153.66163868475533,157.81891731398164,105342000.0
2022-03-11,152.43020629882812,156.9125815524345,152.20362905353198,156.5677776744671,96970100.0
2022-03-14,148.3813018798828,151.8292807234323,147.86904156044886,149.19896723804965,108732100.0
2022-03-15,152.78488159179688,153.25775813729066,148.14489510811242,148.6571554844026,92964300.0
2022-03-16,157.21798706054688,157.62189677872126,152.16424521683604,154.71574606326269,102300200.0
2022-03-17,158.23268127441406,158.60703810004415,155.28713161589062,156.25256155188856,75615400.0
2022-03-18,161.54273986816406,162.03530830357423,157.38546107074248,158.12431372385774,123511700.0
2022-03-21,162.9219207763672,163.87750462789964,160.5871364535125,161.07970482927175,95811400.0
2022-03-22,166.31082153320312,166.9018946641694,162.4589325802878,163.05000571125407,81532000.0
2022-03-23,167.6801300048828,170.0740050516706,165.15816734052234,165.49312525419109,98062700.0
2022-03-24,171.4827880859375,171.55173985257596,167.68015903541058,168.51751638457037,90131400.0
2022-03-25,172.12307739257812,172.6747515137094,170.18235698160333,171.29556621088122,80546200.0
2022-03-28,172.99002075195312,173.11807830876265,169.4435224096512,169.6109938547052,90371900.0
2022-03-29,176.30006408691406,176.3493088945433,173.71899580425816,174.0637996496183,100589400.0
2022-03-30,175.12774658203125,176.9403944114148,174.07364315055753,175.8961519669219,92633200.0
2022-03-31,172.01470947265625,175.38387498077014,171.80782416398608,175.19669661387624,103049300.0
2022-04-01,171.71917724609375,172.28071238527122,169.3844080572875,171.44334017028513,78751300.0
2022-04-04,175.78781127929688,175.83707112521444,171.84726411780443,171.97533671079117,76468400.0
2022-04-05,172.45806884765625,175.64991791768637,171.82758181268696,174.8618053659756,73401800.0
2022-04-06,169.2760467529297,171.0492958799614,167.60131731206394,169.79816801922323,89058800.0
2022-04-07,169.58145141601562,170.7833195377172,167.32549471465475,168.61602154238474,77594700.0
2022-04-08,167.5619354248047,169.22681922780112,166.68516416566413,169.22681922780112,76575500.0
2022-04-11,163.2864227294922,166.51767019391744,163.04013853231345,166.2024342381658,72246700.0
2022-04-12,165.16802978515625,167.34517356724112,164.1631860992743,165.52267961358555,79265200.0
2022-04-13,167.86729431152344,168.4977812231989,164.2912581707364,164.90203813867376,70618900.0
2022-04-14,162.833251953125,168.72438072783297,162.586967757821,168.08403280084593,75329400.0
2022-04-18,162.6165008544922,164.12375860430387,161.13879599922652,161.48358477959383,69023900.0
2022-04-19,164.911865234375,165.32563584558537,161.47374802896798,162.56725028547083,67723800.0
2022-04-20,164.7444305419922,166.36991535703385,163.63123612780706,166.25168871376107,67929800.0
2022-04-21,163.9464569091797,168.98050632684885,163.44404257581323,166.39945283983835,87227800.0
2022-04-22,159.38525390625,165.37488661412266,159.0995708883909,163.9858553452318,84882400.0
2022-04-25,160.45907592773438,160.7447589663099,156.10477337045293,158.72522565667649,96046400.0
2022-04-26,154.4694366455078,159.9270873168943,154.3906239061385,159.83842862210122,95623200.0
2022-04-27,154.2428741455078,157.4150007741114,153.07055896241795,153.59268025761008,88063200.0
2022-04-28,161.20777893066406,162.07470409037728,156.5677781733732,156.88302915217585,130216800.0
2022-04-29,155.3068084716797,163.7297310076839,154.91275976964212,159.43453401469895,131747600.0
2022-05-02,155.61221313476562,155.87818924361486,150.99191920912216,154.38079215381563,123055300.0
2022-05-03,157.10960388183594,158.32133290120754,153.996583191987,155.79937020716176,88966500.0
2022-05-04,163.55239868164062,164.0055531444463,156.892864987949,157.29677464148807,108256500.0
2022-05-05,154.43991088867188,161.64125898319347,152.64695457490816,161.41468171268338,130525300.0
2022-05-06,155.16995239257812,157.30097774874963,152.11153553580905,153.91698631916998,116124600.0
2022-05-09,150.0199737548828,153.73939997539458,149.4576286538098,152.851465265273,131577900.0
2022-05-10,152.4371337890625,154.6372276027927,150.87832879863976,153.43359356023947,115366700.0
2022-05-11,144.53457641601562,153.36450145245806,143.8538309512056,151.4406653915249,142689800.0
2022-05-12,140.64744567871094,144.23861168034963,136.9378943865604,140.8546349911873,182602000.0
2022-05-13,145.13641357421875,146.11313742780084,141.19007646669226,142.65021698133427,113990900.0
2022-05-16,143.58746337890625,145.5409110091413,142.24570821302393,143.59733885589824,86643800.0
2022-05-17,147.23785400390625,147.76074250575596,144.71218541921027,146.86294713311494,78336300.0
2022-05-18,138.93080139160156,145.38305576655117,138.02313063348345,144.87990321822826,109742900.0
2022-05-19,135.50732421875,139.75949903200933,134.7673861870948,138.00338064120726,136095600.0
2022-05-20,135.74412536621094,138.81240303157122,130.8309399431796,137.2240017632513,137426100.0
2022-05-23,141.19009399414062,141.33807563241086,135.8033365498549,135.94145776360153,117726300.0
2022-05-24,138.47695922851562,140.06536039628463,135.48761030005602,138.9209191087074,104132700.0
2022-05-25,138.6348114013672,139.88776245487574,136.48405008857472,136.57283905065083,92482700.0
2022-05-26,141.85108947753906,142.4035742769945,135.30017032641544,135.5468164014639,90601500.0
2022-05-27,147.63247680664062,147.67193355558146,143.31123267464204,143.43949345334326,90978500.0
2022-05-31,146.84320068359375,148.6387912999033,144.87003212276906,147.0701259070272,103718400.0
2022-06-01,146.7149658203125,149.70431520683684,145.69877008653793,147.88898855544838,74286600.0
2022-06-02,149.18141174316406,149.2406043897797,144.88976421455953,145.8467521457281,72348100.0
2022-06-03,143.4296112060547,145.98486058899564,142.52195557770006,144.92920830294685,88570300.0
2022-06-06,144.17942810058594,146.57683576275574,142.9560581567467,145.0574875199462,71598400.0
2022-06-07,146.7149658203125,147.00106865900688,142.16681134890072,142.41345743725478,67808200.0
2022-06-08,145.97500610351562,147.8593705005213,145.48171399929922,146.58668349543828,53950200.0
2022-06-09,140.72637939453125,145.96513944929978,140.61785452288095,145.10681595338983,69473000.0
2022-06-10,135.29026794433594,138.87155760657268,135.22119983878372,138.3980015044899,91437900.0
2022-06-13,130.11073303222656,133.3861848467611,129.6766335624987,131.0874417850336,122207100.0
2022-06-14,130.9789276123047,132.0937727002188,129.71610089948248,131.3439740438812,84784300.0
2022-06-15,133.6131134033203,135.49749315454076,130.38699336684272,132.48840782873268,91533000.0
2022-06-16,128.3151397705078,130.61388278319032,127.30881966252552,130.30804408715656,108123900.0
2022-06-17,129.79501342773438,131.2946256093659,128.0684910978949,128.3250126215109,134520300.0
2022-06-21,134.0471954345703,135.2212330849965,131.53141767403508,131.63006706526505,81000500.0
2022-06-22,133.53419494628906,135.9118517379788,132.11351110393437,132.98169507664278,73409200.0
2022-06-23,136.4149932861328,136.7306923828884,133.8104117580623,134.98444929360062,72433800.0
2022-06-24,139.759521484375,140.00616753455043,137.89487794721208,138.02312365652875,89116800.0
2022-06-27,139.759521484375,141.56497237814864,139.07877597723802,140.78556242930944,70207900.0
2022-06-28,135.59613037109375,141.4958994767852,135.47774508831563,140.22321252468137,67083400.0
2022-06-29,137.3621063232422,138.78278990100551,134.83645332014265,135.6158632251475,66242400.0
2022-06-30,134.88577270507812,136.51363036817662,131.97535276440732,135.40866104796808,98964500.0
2022-07-01,137.06614685058594,137.17467172359363,133.8400270926031,134.21491888238126,71051600.0
2022-07-05,139.66087341308594,139.71020563971956,135.0929832111043,135.92172547793604,73353800.0
2022-07-06,141.00259399414062,142.1864918716594,139.1872829116733,139.45366482669044,74064300.0
2022-07-07,144.38661193847656,144.5839257789304,141.3577910455227,141.36765146861703,66253700.0
2022-07-08,145.06735229492188,145.57051993448914,143.054726898899,143.31123340352403,64547800.0
2022-07-11,142.9264373779297,144.67269549440107,141.85106429460987,143.71570768878132,63141600.0
2022-07-12,143.90318298339844,146.45843264319691,143.1040521291363,143.80451853424552,77588800.0
2022-07-13,143.53814697265625,144.4852594159091,140.2133478360652,141.0716863644841,71185600.0
2022-07-14,146.47816467285156,146.95172089729192,141.32819368805968,142.14706042132838,78140700.0
2022-07-15,148.15533447265625,148.83607991941642,146.21176256532723,147.77056727067165,76259900.0
2022-07-18,145.09693908691406,149.53656779007787,144.73189271232428,148.71770113389368,81420900.0
2022-07-19,148.9741973876953,149.2011075129452,144.93907207805378,145.93551658813237,82982400.0
2022-07-20,150.9868621826172,151.6577473682176,148.35268377665855,149.0926220385823,64823400.0
2022-07-21,153.26585388183594,153.48290359938562,149.9015983138952,152.42725133184126,65086600.0
2022-07-22,152.02276611328125,154.18338806700862,151.3518960375733,153.30532867140192,66675400.0
2022-07-25,150.89805603027344,152.9600134725139,150.23704639800843,151.94383291278464,53623900.0
2022-07-26,149.56614685058594,151.0361474391631,148.77687660584448,150.21728087747567,55138700.0
2022-07-27,154.68650817871094,155.21927200151555,150.11863421664737,150.53299771545204,78620700.0
2022-07-28,155.239013671875,155.52511643618698,152.33845401827983,154.87396731924142,81378700.0
2022-07-29,160.3297882080078,161.4347727162901,157.36017527279864,159.0768371497888,101786900.0
2022-08-01,159.3432159423828,161.39531297785308,158.73153852797333,158.8499238200317,67829400.0
2022-08-02,157.86334228515625,160.23115354553508,157.48845050250915,157.9521463098053,59907000.0
2022-08-03,163.9012451171875,164.3550654387107,158.59341707220835,158.6822060411045,82507500.0
2022-08-04,163.5855255126953,164.94701654031078,162.22403448507984,163.78283934395313,55474100.0
2022-08-05,163.35830688476562,163.85228420818493,161.0366074346982,161.2440845435306,56697000.0
2022-08-08,162.8840789794922,165.7886680742243,162.22215117031726,164.36601096047863,60276900.0
2022-08-09,162.93348693847656,163.8226552114172,161.28360440228838,162.04433374052826,63135500.0
2022-08-10,167.2014617919922,167.300248218732,164.88963629638937,165.6602397699261,70170500.0
2022-08-11,166.4604949951172,168.93038177724253,166.16410556626363,168.01157605529576,57149200.0
2022-08-12,170.02699279785156,170.09614178090018,167.3595033161668,167.77445751442195,68039400.0
2022-08-15,171.10386657714844,171.3014544902235,169.2860336568712,169.45398413673462,54091700.0
2022-08-16,170.94583129882812,171.617648454726,169.59233794024772,170.69884257937943,56377100.0
2022-08-17,172.44749450683594,174.02821296907027,170.49134843763704,170.6889363610423,79542000.0
2022-08-18,172.05230712890625,172.7932731631823,171.03471498116653,171.65713127395605,62290100.0
2022-08-19,169.45399475097656,171.6472553959717,169.24651763050733,170.94580092437732,70346300.0
2022-08-22,165.5515594482422,167.81396884774634,165.1267311315286,167.6460183748566,69026800.0
2022-08-23,165.2156524658203,166.6778362068351,164.64263695785368,165.0674652978081,54147100.0
2022-08-24,165.51202392578125,166.08503937159992,164.24744331259177,165.30456191306502,53841500.0
2022-08-25,167.98191833496094,168.09059394325084,166.32216185379593,166.74697509302598,51218200.0
2022-08-26,161.64913940429688,168.98965049238348,161.58986453568383,168.51543646848708,78961000.0
2022-08-29,159.43614196777344,160.93782232990517,157.89493497374747,159.20890152186448,73314000.0
2022-08-30,156.9958953857422,160.6019242494096,155.820226802932,160.17711093628972,77906200.0
2022-08-31,155.32618713378906,158.64571441734685,155.24714897525348,158.37896251666268,87991100.0
2022-09-01,156.0572967529297,156.51174737307286,152.80691806217294,154.75318959949817,74229900.0
2022-09-02,153.93321228027344,158.42840897250582,153.10333398862824,157.8257560303605,76957800.0
2022-09-06,152.66860961914062,155.19777075928334,151.83873144659182,154.58524378549583,73714800.0
2022-09-07,154.08140563964844,154.78284496179006,151.75970630582017,152.95513800164022,87449600.0
2022-09-08,152.5994415283203,154.476548837061,150.84086884725298,152.77726608231174,84923800.0
2022-09-09,155.4744110107422,155.91900264197233,152.88597477553475,153.59730329551388,68028800.0
2022-09-12,161.46141052246094,162.28141463666398,157.38116833912534,157.66766853565863,104956000.0
2022-09-13,151.98692321777344,158.60621563829068,151.52258337674556,157.9739253340172,122656600.0
2022-09-14,153.4392547607422,155.2077022622918,151.75973464655632,152.92551405316988,87965400.0
2022-09-15,150.53463745117188,153.37007740177668,149.55657204599007,152.78717273127475,90481100.0
2022-09-16,148.88475036621094,149.52692988033445,146.5828144140255,149.38861684382928,162278800.0
2022-09-19,152.61924743652344,152.69828562649494,147.30406106713136,147.5115231251874,81474200.0
2022-09-20,155.01007080078125,156.17586506845922,151.23609206556637,151.55222969875626,107689800.0
2022-09-21,151.86839294433594,156.8279296043556,151.749843208038,155.44478402258142,101696800.0
2022-09-22,150.9001922607422,152.60934951167334,149.0922335190095,150.5445279988441,86652500.0
2022-09-23,148.6179962158203,149.64547739323916,146.77052602515988,149.36885132431644,96029900.0
2022-09-26,148.9539337158203,151.91779780340053,147.8375400855009,147.85730340041596,93339400.0
2022-09-27,149.93197631835938,152.85632840448,148.14378100395362,150.90018262642735,84442700.0
2022-09-28,148.03512573242188,148.82549249195003,143.09535232911102,145.86162844996352,146691400.0
2022-09-29,140.76377868652344,144.9527119597298,138.9854572462475,144.34018488168724,128138200.0
2022-09-30,136.5353240966797,141.37631073101744,136.3377361896639,139.5782261046943,124925300.0
2022-10-03,140.73411560058594,141.34665764197294,136.0314576045552,136.5451981658829,114311700.0
2022-10-04,144.3401641845703,144.45871390525903,142.5223163757339,143.28304559179628,87830100.0
2022-10-05,144.6365509033203,145.6047572886982,141.28738533142962,142.33462989571538,79471000.0
2022-10-06,143.67825317382812,145.76283831553877,143.47079111671093,144.05368080574547,68402200.0
2022-10-07,138.40257263183594,141.37632597682602,137.77028221620552,140.82305867253086,85925600.0
2022-10-10,138.72857666015625,140.18087106049856,136.90086978029677,138.72857666015625,74899000.0
2022-10-11,137.305908203125,139.647370551147,136.55506823191743,138.21482450774118,77033700.0
2022-10-12,136.67364501953125,138.66931766793832,136.49582041546117,137.45413764848382,70433700.0
2022-10-13,141.2676544189453,141.86041822096794,132.7514742657849,133.36401645869927,113224000.0
2022-10-14,136.71315002441406,142.77919011754517,136.52543625536936,142.571713037288,88598000.0
2022-10-17,140.69461059570312,141.1786986755311,138.58038846903284,139.3707551212906,85250900.0
2022-10-18,142.0184783935547,144.93294154385023,138.91630145112296,143.73752488075877,99136600.0
2022-10-19,142.12718200683594,143.2040491502038,139.7956080122537,139.98332184137172,61758300.0
2022-10-20,141.66282653808594,144.13271333530133,140.93173461911283,141.2972881160957,64522000.0
2022-10-21,145.49607849121094,146.06909396950246,140.93171797792078,141.14906919641035,86548600.0
2022-10-24,147.64981079101562,148.42041416694138,144.241370462884,145.41703883961424,75981900.0
2022-10-25,150.5050048828125,150.65320712247134,147.56090430315092,148.28210696285174,74732300.0
2022-10-26,147.551025390625,150.159224928985,146.25679220294288,149.1416328980144,88194300.0
2022-10-27,143.0558319091797,147.25463904177826,142.3939041231572,146.28644773572952,109180200.0
2022-10-28,153.86404418945312,155.60283873819793,146.0394461076168,146.41485857865877,164762400.0
2022-10-31,151.49298095703125,152.38214929586798,150.0900869913041,151.31515633426,97943200.0
2022-11-01,148.83535766601562,153.5775428631636,147.33367749566185,153.21200447728674,80379300.0
2022-11-02,143.28305053710938,150.3370455863596,143.2534131059143,147.15583065483594,93604600.0
2022-11-03,137.2071533203125,141.07993392854812,137.0787143855393,140.348842024828,97918500.0
2022-11-04,136.93995666503906,141.18530623843904,132.9815825695617,140.61134018259497,140814800.0
2022-11-07,137.47433471679688,137.70193700622886,134.25815566613036,135.68317279996404,83374600.0
2022-11-08,138.0482940673828,139.9582022856921,136.05921655660495,138.9488277817145,89908500.0
2022-11-09,133.4664764404297,137.1081885341623,133.18939145612384,137.05870583696503,74917800.0
2022-11-10,145.34161376953125,145.34161376953125,138.04831343986953,139.7702118177004,118854000.0
2022-11-11,148.14212036132812,148.44889188152257,142.86758603348042,144.30250846019018,93979700.0
2022-11-14,146.73692321777344,148.71611022108843,145.89576270136516,147.41974514991688,73374100.0
2022-11-15,148.47860717773438,151.9916672429698,147.0140129756077,150.6359289335687,89868300.0
2022-11-16,147.2416229248047,148.31038580901588,145.75723254673355,147.57809621983398,64218300.0
2022-11-17,149.15155029296875,149.90363600150542,144.62910024163597,144.90618524478106,80389400.0
2022-11-18,149.71560668945312,151.11093726698712,148.40935101048493,150.7249963732011,74829600.0
2022-11-21,146.46974182128906,148.8051832977112,146.18276632418628,148.59737709980914,58724100.0
2022-11-22,148.6171417236328,148.85464959506425,145.40096291048988,146.5884871676489,51804100.0
2022-11-23,149.49789428710938,150.24997989598808,147.78588669453308,147.8947425813443,58301400.0
2022-11-25,146.56871032714844,147.33070163560777,145.58900721627217,146.76662602934562,35195900.0
2022-11-28,142.7191925048828,145.11400724355855,141.88793749145825,143.62961681958598,69246000.0
2022-11-29,139.70091247558594,143.30303220881638,138.88945365820908,142.78843936121245,83763800.0
2022-11-30,146.48951721191406,147.1723391084902,139.08736243308402,139.92850780567963,111380900.0
2022-12-01,146.76661682128906,147.5780907793863,145.0843108081597,146.66766652639865,71250400.0
2022-12-02,146.27182006835938,146.45984525867783,144.1342943784221,144.44108106262544,65447400.0
2022-12-05,145.1040802001953,149.34942909960247,144.2530293007808,146.23221603430324,68826400.0
2022-12-06,141.42282104492188,145.7671362234273,140.44311797232058,145.5395339297925,64727200.0
2022-12-07,139.4733123779297,141.87801737065325,138.54309205811114,140.7103042713057,69721100.0
2022-12-08,141.16551208496094,142.02646873058885,139.63165418182882,140.8785366030843,62128300.0
2022-12-09,140.68060302734375,144.05512018514585,139.4337056646384,140.85872259344617,76097000.0
2022-12-12,142.98635864257812,142.99624914077572,139.592045361148,141.21497796538944,70462700.0
2022-12-13,143.9561767578125,148.40934778946271,142.73898090382795,147.94423760704595,93886200.0
2022-12-14,141.71971130371094,145.1338063290708,139.69104132922158,143.83744108147044,82291200.0
2022-12-15,135.0795135498047,140.3243621508591,134.6144033940509,139.64154021581635,98931900.0
2022-12-16,133.1102294921875,136.21755278733633,132.33834769339256,135.26755138881947,160156900.0
2022-12-19,130.99249267578125,133.79304421919323,129.95343153387856,133.70398442417286,79592600.0
2022-12-20,130.92323303222656,131.8633439087619,128.538308891753,130.0226992547034,77432800.0
2022-12-21,134.04043579101562,135.3862835473447,131.36853637624424,131.5961386519474,85928000.0
2022-12-22,130.85394287109375,133.1596975133203,128.94403468461323,132.95189133655217,77852100.0
2022-12-23,130.48780822753906,131.04197820854492,128.29090930283763,129.5575878594223,63814900.0
2022-12-27,128.67684936523438,130.04249330967795,127.38048421797244,130.01280671088563,69007800.0
2022-12-28,124.72836303710938,129.66643238482206,124.56013395762795,128.32058464897267,85438400.0
2022-12-29,128.26121520996094,129.12215673015015,126.40078213242634,126.6580710085752,75703700.0
2022-12-30,128.57786560058594,128.5976616969525,126.10388960466396,127.07369447666422,77034200.0
2023-01-03,123.76846313476562,129.53778770648333,122.87782744316272,128.92424454671203,112117500.0
2023-01-04,125.04503631591795,127.32110440506466,123.77835783326216,125.5695196673302,89113600.0
2023-01-05,123.71897888183594,126.44036106917036,123.46169000194207,125.8070218186634,80962700.0
2023-01-06,128.2711181640625,128.93414406697812,123.59034464347916,124.69869219835304,87754700.0
2023-01-09,128.79559326171875,132.02167786788954,128.53830437717716,129.1122704426922,70790800.0
2023-01-10,129.3695526123047,129.8940359535694,126.78671300154888,128.90444246439094,63896200.0
2023-01-11,132.10086059570312,132.12064159652607,129.10239307095992,129.88416540348345,69458900.0
2023-01-12,132.02166748046875,132.86281286375012,130.07216715098443,132.48677761592936,71379600.0
2023-01-13,133.3576202392578,133.51595882992456,130.28988932008468,130.65603409850235,57809700.0
2023-01-17,134.5253448486328,135.86128703391867,132.73418300243557,133.42689544295402,63646600.0
2023-01-18,133.8029327392578,137.16754432165283,133.62479807195606,135.39617874680306,69672800.0
2023-01-19,133.86231994628906,134.8321173698302,132.37792966331844,132.68470123913258,58280400.0
2023-01-20,136.4352264404297,136.58367449869263,132.82321685596753,133.8721833610444,80223600.0
2023-01-23,139.6415557861328,141.82856432193728,136.46495363412728,136.68266543769153,81760300.0
2023-01-24,141.0467529296875,141.67020163390134,138.83996376873685,138.8498542672173,66435100.0
2023-01-25,140.38375854492188,140.94781908447868,137.36549483325516,139.4238514776049,65799300.0
2023-01-26,142.46189880371094,142.7488742986824,140.42332333943187,141.68011141740982,54105100.0
2023-01-27,144.411376953125,145.69785156540507,141.59104444543297,141.6702137400347,70555800.0
2023-01-30,141.51187133789062,144.03533779783174,141.36343835201114,143.45148125337437,64015300.0
2023-01-31,142.7884521484375,142.8379348478305,140.7993744728372,141.21500196773877,65874500.0
2023-02-01,143.91659545898438,145.08432380327815,139.84938010470844,142.4717972041809,77663600.0
2023-02-02,149.25047302246094,149.60671212465354,146.6280416424639,147.35044054412532,118339000.0
2023-02-03,152.89218139648438,155.74221524092275,146.29159518314714,146.48951084456712,154357300.0
2023-02-06,150.15101623535156,151.50676958668788,149.2109054384384,150.98228624419954,69858300.0
2023-02-07,153.04063415527344,153.61460021760152,149.072369515728,149.072369515728,83322600.0
2023-02-08,150.3390350341797,152.97135723381655,149.59683994706387,152.27864483917466,64120100.0
2023-02-09,149.29998779296875,152.7239884349964,148.85467367449712,152.1797089124197,56007100.0
2023-02-10,149.6666717529297,149.99373802352738,147.89260151029114,148.13047201337668,57450700.0
2023-02-13,152.48143005371094,152.88777139634084,149.5774860679603,149.6072179924685,62199000.0
2023-02-14,151.83718872070312,152.40212547908197,149.51800808989614,150.76679417039543,61707600.0
2023-02-15,153.94827270507812,154.11675866505783,151.52006956422687,151.74801937795763,65573800.0
2023-02-16,152.34266662597656,154.93935535973205,151.985868430853,152.14443364408874,68167900.0
2023-02-17,151.1929931640625,151.63898716051196,149.5081185535566,150.99477529042434,59144100.0
2023-02-21,147.1591796875,149.954101404135,147.08981024225724,148.86388049557812,58867200.0
2023-02-22,147.5853729248047,148.61611493809133,145.8509400709552,147.54572027637772,51011300.0
2023-02-23,148.07101440429688,149.00265510528632,145.93024005993672,148.75487896664254,48394200.0
2023-02-24,145.40493774414062,145.88066363662452,144.42373891303,145.80137346736828,55469600.0
2023-02-27,146.60415649414062,147.84303695578296,146.13833623071892,146.39603304549414,44998500.0
2023-02-28,146.0987091064453,147.7538517062128,145.5238667165713,145.74191090318052,50547000.0
2023-03-01,144.01736450195312,145.9202829575713,143.72003018509525,145.5238472837952,55479000.0
2023-03-02,144.612060546875,145.40494716777042,142.61993083245534,143.0956718788252,52238100.0
2023-03-03,149.68649291992188,149.76578308488604,146.01940974788184,146.72308538697828,70732300.0
2023-03-06,152.4615936279297,154.90962273726373,152.09488983458962,152.42194098250997,87558000.0
2023-03-07,150.25144958496094,152.65982628230532,149.7856292559754,152.3327599796311,56182000.0
2023-03-08,151.5101318359375,152.104800552819,150.47938986613707,151.4506679888601,47204800.0
2023-03-09,149.25039672851562,153.16525578913198,148.89359856645896,152.19397778472012,53833600.0
2023-03-10,147.17901611328125,149.59731347786158,146.29693372600934,148.8738114378205,68572400.0
2023-03-13,149.13150024414062,151.77774753166398,146.38613645412596,146.49515855764437,84457100.0
2023-03-14,151.2326202392578,152.03541240200406,148.76477990534212,149.9342758651321,73695900.0
2023-03-15,151.6290740966797,151.8867558074207,148.5863761992532,149.84508307563596,77167900.0
2023-03-16,154.46363830566406,155.06821263966182,150.29108181642482,150.80646037730506,76161100.0
2023-03-17,153.62118530273438,155.34571244010942,152.90758890954837,154.69157989251335,98944600.0
2023-03-20,155.99981689453125,156.41609402515743,152.77872779308782,153.69055709316683,73641400.0
2023-03-21,157.8631134033203,157.98204109629864,155.14748180357108,155.9205571770909,73938300.0
2023-03-22,156.426025390625,160.6976833752444,156.40619906612653,157.88295021864403,75701800.0
2023-03-23,157.51622009277344,160.11292398786247,156.2773395529773,157.41711872342182,67622100.0
2023-03-24,158.8245086669922,158.9137044495027,156.44586372837807,157.44687390812584,59196500.0
2023-03-27,156.87200927734375,159.3398647729009,156.46565282812583,158.51724627438185,52390300.0
2023-03-28,156.2476043701172,157.0801435690118,154.59246181824673,156.56476504075383,45992200.0
2023-03-29,159.3398895263672,159.61739760234553,157.9325228201753,157.95233402341952,51305700.0
2023-03-30,160.9157257080078,161.02474780690227,159.83542544272464,160.09310716599592,49501700.0
2023-03-31,163.43310546875,163.53222195551984,160.46971306479455,160.99499717395898,68749800.0
2023-04-03,164.69183349609375,164.81076119711048,162.759182739299,162.80874098907415,56976200.0
2023-04-04,164.15664672851562,165.35587473056947,163.64126814290196,165.11801932417455,46278300.0
2023-04-05,162.30325317382812,163.5817863350766,160.36069699391322,163.27454638683875,51511700.0
2023-04-06,163.19525146484375,163.49258580459212,160.55891017442244,160.98507780038798,45390100.0
2023-04-10,160.58865356445312,160.58865356445312,158.65600290264854,159.98407924224205,47716900.0
2023-04-11,159.36959838867188,160.9157189090824,159.08216962961518,160.90581330889393,47644200.0
2023-04-12,158.6758270263672,160.6183832614872,158.35866634623534,159.7858591607215,50133100.0
2023-04-13,164.08724975585938,164.32512026733755,159.98407795194623,160.19221653987137,68445600.0
2023-04-14,163.74037170410156,164.84049824090104,162.36273713306923,163.1258766656828,49386500.0
2023-04-17,163.76019287109375,163.91877322117935,162.57087049156098,163.6214388455325,41516200.0
2023-04-18,164.98915100097656,165.92079155848967,164.17643813231942,164.62244721163532,49923000.0
2023-04-19,166.1388397216797,166.6641238574634,164.06741997841854,164.32511680785814,47720200.0
2023-04-20,165.1675567626953,166.37670544707035,164.0872565010493,164.61254066948467,52456400.0
2023-04-21,163.5520782470703,164.9693505046565,163.02679404165184,163.5818101739389,58337300.0
2023-04-24,163.85928344726562,164.12688585531714,162.43209076839383,163.53221719810315,41949600.0
2023-04-25,162.3131866455078,164.8305853972629,162.2735339969769,163.72055320726747,48714100.0
2023-04-26,162.30325317382812,163.8097361155348,161.3518014065789,161.6094831095728,45498800.0
2023-04-27,166.91192626953125,167.06058590759594,163.72056830592638,163.72056830592638,64902300.0
2023-04-28,168.17059326171875,168.3390943239458,166.3866173772678,166.99119168750394,55209200.0
2023-05-01,168.08140563964844,168.93375609993646,167.13985940542491,167.77416566961222,52472900.0
2023-05-02,167.04075622558594,168.8346681861752,166.04965166358446,168.57697132129934,48425700.0
2023-05-03,165.96044921875,169.39958312064851,165.67303556145444,167.99221651388285,65136000.0
2023-05-04,164.31520080566406,165.5540813733989,162.84837044792107,163.42321284611648,81235400.0
2023-05-05,172.0260009765625,172.74950296676494,169.24098486047572,169.45902904213452,113316400.0
2023-05-08,171.9566192626953,172.30351186374347,170.57898470464832,170.94568850577377,55962800.0
2023-05-09,170.2420196533203,171.99626368287582,170.0735337075861,171.51063216959898,45326900.0
2023-05-10,172.01608276367188,172.48190305646256,170.3708457773496,171.48089302464294,53724500.0
2023-05-11,172.2044219970703,173.03694622064506,170.63847493479068,172.303538504996,49514700.0
2023-05-12,171.271484375,172.7502630057861,169.71329075220336,172.31357141356355,45497800.0
2023-05-15,170.7752227783203,171.9066439525377,170.17973157337624,171.85701716146394,37266700.0
2023-05-16,170.7752227783203,171.83716341624037,170.50725022169846,170.6958229413964,42110300.0
2023-05-17,171.39056396484375,171.62874834746046,169.13764076744155,170.41794239989213,57951600.0
2023-05-18,173.73280334472656,173.92137607373184,171.28138815560044,171.6982259620468,65496700.0
2023-05-19,173.84197998046875,175.06272037880413,173.62363419943688,175.06272037880413,55772400.0
2023-05-22,172.88919067382812,173.3953627585547,172.14483421414403,172.67084490080313,43570900.0
2023-05-23,170.26907348632812,172.07538594402806,169.99118159190851,171.8272670994411,50747300.0
2023-05-24,170.5469512939453,171.1225887831174,169.2368917775998,169.80259482166662,45143500.0
2023-05-25,171.68832397460938,172.5914650743336,170.39810293275275,171.11268642842802,56058300.0
2023-05-26,174.10995483398438,174.4474079846001,171.80741974539387,172.0158462459514,54835000.0
2023-05-30,175.96588134765625,177.64316710040904,175.24137858755796,175.62844336557998,55964400.0
2023-05-31,175.91624450683594,178.00044866577474,175.42992616469127,175.99564434702103,99625300.0
2023-06-01,178.73487854003906,178.76465158842046,175.59865286277548,176.3628631071657,68901800.0
2023-06-02,179.58840942382812,180.4121657718352,177.91112367918484,179.6678092681631,61945900.0
2023-06-05,178.2287139892578,183.55830143833987,176.70029356551757,181.2557666456528,121946500.0
2023-06-06,177.86151123046875,178.76465227479207,176.09489120388227,178.61578703231345,64848400.0
2023-06-07,176.48196411132812,179.84645475343302,175.9857264641506,177.0972939477575,61944600.0
2023-06-08,179.2113037109375,179.4792611854083,176.1247043792878,176.5613808671574,50214900.0
2023-06-09,179.59835815429688,180.85879103044124,179.27083944935424,180.13428821622014,48870700.0
2023-06-12,182.40704345703125,182.50629705263665,179.60827075983389,179.90601640267764,54274900.0
2023-06-13,181.9306488037109,182.7643244394129,181.06720011987477,181.42449184145724,54929100.0
2023-06-14,182.5658416748047,183.00253326157812,180.6503714756975,181.9902041416917,57462900.0
2023-06-15,184.6103363037109,185.1165084295681,182.39712049072037,182.57577393042644,65433200.0
2023-06-16,183.52853393554688,185.58296511233405,182.8834310366173,185.32491183758503,101235600.0
2023-06-20,183.61785888671875,184.69966852666565,183.0223827636369,183.0223827636369,49799100.0
2023-06-21,182.5757751464844,184.014861399602,181.216073596018,183.50868927037345,49515700.0
2023-06-22,185.5928955078125,185.64252230545927,182.28795068496888,182.35743123046893,51245300.0
2023-06-23,185.2752990722656,186.1486822640644,183.61786698344585,184.15381217622152,53079300.0
2023-06-26,183.8759002685547,186.6349803489813,183.836192776536,185.4241592899197,48088700.0
2023-06-27,186.64491271972656,186.9724314039452,184.2728972285419,184.491243018021,50730800.0
2023-06-28,187.8259735107422,188.4710764771,186.1883951229273,186.5158986853118,51216800.0
2023-06-29,188.1633758544922,188.63977487015424,187.51827301040888,187.65721893731777,46347300.0
2023-06-30,192.51043701171875,193.0165939677774,189.820822259396,190.188048421843,85069600.0
2023-07-03,191.0117950439453,192.4211080946957,190.3170502473471,192.32185451119005,31458200.0
2023-07-05,189.8903045654297,191.5278827838796,189.18564042572623,190.12850409377413,46920300.0
2023-07-06,190.36669921875,190.57512571080736,187.7763378847441,188.41152151886183,45094300.0
2023-07-07,189.2451934814453,191.2202248903426,188.80851704604535,189.9697113944817,46778000.0
2023-07-10,187.1907958984375,188.56041687039792,185.63260216726823,187.8358988856508,59922200.0
2023-07-11,186.66476440429688,187.8755855347649,185.19590513637428,187.73663959244752,46638100.0
2023-07-12,188.342041015625,190.2575110663078,187.05182010303508,188.25270672963643,60750200.0
2023-07-13,189.1062469482422,189.75136501356704,188.35197113238652,189.0665545975012,41342300.0
2023-07-14,189.255126953125,189.7414301825821,188.203105504946,188.79858162868425,41573900.0
2023-07-17,192.53028869628903,192.85780736222108,190.3666846697001,190.45600381205304,50520200.0
2023-07-18,192.27224731445312,192.8677385882339,190.97210701546965,191.89511697543264,48353800.0
2023-07-19,193.6319580078125,196.73839573453523,191.20038114492507,191.64700719335607,80507300.0
2023-07-20,191.6767578125,194.9916216501567,191.0514935330484,193.6220009023945,59581200.0
2023-07-21,190.4957275390625,193.5029267396608,189.7910633534036,192.6394780020551,71917800.0
2023-07-24,191.29962158203125,193.44337194871,190.80338391255776,191.9546589402895,45377800.0
2023-07-25,192.1630706787109,192.97690772743897,191.468340968804,191.875259493168,37283200.0
2023-07-26,193.03643798828125,194.16785917844345,191.86532445108293,192.21268170555348,47471900.0
2023-07-27,191.7660980224609,195.7161458746212,191.1011413216581,194.545032171588,47460200.0
2023-07-28,194.3564453125,195.15042860374737,192.6791595850325,193.20517029738988,48291400.0
2023-07-31,194.9717712402344,195.0114787331809,193.79072320060368,194.58470647584852,38824100.0
2023-08-01,194.1380920410156,195.2496595195064,193.81057337810932,194.76335631965225,35175100.0
2023-08-02,191.13092041015625,193.7113474455995,190.40641758549415,193.5724014909524,50389300.0
2023-08-03,189.73150634765625,190.9224737106489,189.2551224312535,190.1285055646349,61235200.0
2023-08-04,180.6205902099609,185.9700316166551,180.55110966796556,184.1240269027028,115799700.0
2023-08-07,177.5042266845703,181.75202007346337,176.01551362367866,180.7595446995356,97576100.0
2023-08-08,178.44705200195312,178.9135165784173,176.2437557474966,178.33787911929193,67823000.0
2023-08-09,176.8491973876953,179.56857034442828,175.678068518058,179.5090242423061,60378500.0
2023-08-10,176.63084411621094,179.38992445369044,176.26363307266735,178.12947648415997,54686900.0
2023-08-11,176.69046020507812,177.51532893244283,175.45813862661385,176.22338084720406,51988100.0
2023-08-14,178.35015869140625,178.57873203906215,176.2134459995229,176.86936795132465,43675600.0
2023-08-15,176.35255432128906,178.36999853743362,175.9550341940922,177.77371834663836,43622600.0
2023-08-16,175.47801208496094,177.43581469068437,175.40843772025733,176.03454634490478,46964900.0
2023-08-17,172.92388916015625,176.41217594781634,172.40710087754795,176.04446908210178,66062900.0
2023-08-18,173.41090393066406,174.01713210367805,170.89655146662832,171.23444515927903,61114200.0
2023-08-21,174.7525177001953,175.0407326935708,172.66551420323125,173.98729066685254,46311900.0
2023-08-22,176.13394165039062,176.5811556555548,175.1600065691228,175.96499481130297,42084200.0
2023-08-23,179.9998779296875,180.4272265262981,177.2271390578494,177.41596644953157,52722800.0
2023-08-24,175.28919982910156,179.98001065949663,174.92147774645116,179.55266206734146,54945800.0
2023-08-25,177.50540161132812,178.04205535297126,174.73266281139772,176.28301269216934,51449600.0
2023-08-28,179.07562255859375,179.4731427043403,177.4457656979585,178.97623493994635,43820700.0
2023-08-29,182.9813232421875,183.75649819628305,178.389900027249,178.58866011417203,53003900.0
2023-08-30,186.48948669433597,186.6882619409924,183.59749489432,183.79625497655425,60813900.0
2023-08-31,186.70811462402344,187.9503840089481,186.32052718250375,186.67830137193891,60794500.0
2023-09-01,188.28829956054688,188.7454462185212,187.1155893336136,188.3181128137008,45732600.0
2023-09-05,188.5268096923828,188.8050768374951,186.44973880050088,187.11559340947835,45280000.0
2023-09-06,181.77880859375,187.68207547486304,180.34771175415628,187.23484633917343,81755800.0
2023-09-07,176.46188354492188,177.10787273977496,172.46674085776905,174.0965977246818,112488800.0
2023-09-08,177.0780487060547,179.12532149203676,176.6904612453168,177.24701069547294,65551300.0
2023-09-11,178.25074768066406,179.18493667169955,176.24323613595504,178.9563633540274,58953100.0
2023-09-12,175.20968627929688,179.0160016942275,173.73884349638047,178.37996034233754,90370200.0
2023-09-13,173.1326141357422,176.20350055461225,172.9040256402011,175.41837777577814,84267900.0
2023-09-14,174.65316772460938,175.01094196505196,172.50652228195383,172.9239230350663,60895800.0
2023-09-15,173.92764282226562,175.40843335624928,172.74501513151833,175.38855280048267,109205100.0
2023-09-18,176.86935424804688,178.27063780985006,175.08048322919404,175.38856362269223,67257600.0
2023-09-19,177.96255493164062,178.51908920430856,176.034550369597,176.42213782123514,51826900.0
2023-09-20,174.40469360351562,178.5886485115626,174.3152386804528,178.1513672500879,58436200.0
2023-09-21,172.8543243408203,175.20967741085585,172.78476514063323,173.47050026870355,63047900.0
2023-09-22,173.70901489257812,175.98486101486026,172.97360108411723,173.5897618781081,56725400.0
2023-09-25,174.9910430908203,175.87553831983675,173.07297120229282,173.12266501245767,46172700.0
2023-09-26,170.8965301513672,174.11648285641874,170.5983824508641,173.7388432559087,64588900.0
2023-09-27,169.3759765625,171.9698357492923,168.00452141810098,171.5524350388733,66921800.0
2023-09-28,169.63438415527344,170.96609339598558,166.5833630389383,168.29272705350883,56294400.0
2023-09-29,170.15115356445312,171.9996509482002,169.28652379235777,170.95614167013932,51814200.0
2023-10-02,172.67544555664062,173.22204712222216,169.87287852825236,170.16109351938684,52164500.0
2023-10-03,171.3337860107422,172.55618999324432,169.76357086656446,171.19465244741932,49594600.0
2023-10-04,172.5860137939453,173.13261538484517,169.9126475111621,170.03190052575047,53020300.0
2023-10-05,173.82827758789062,174.3649313004983,171.61205804275627,172.7151938850701,48527900.0
2023-10-06,176.392333984375,176.88924177784276,172.10897606656815,172.7251520422754,57224100.0
2023-10-09,177.883056640625,177.9426831492908,174.7127825048992,175.71653078442577,42390800.0
2023-10-10,177.28677368164062,178.6085503194853,176.8494923681373,176.99857381469894,43698000.0
2023-10-11,178.6880340576172,178.7377278666485,176.501642940032,177.09792315514355,47551100.0
2023-10-12,179.59242248535156,181.21233159015208,177.9327371003315,178.95638111240146,56743100.0
2023-10-13,177.74392700195312,180.80486572035005,177.03831125012886,180.29802522104373,51427100.0
2023-10-16,177.61473083496094,177.97250506879757,175.41839161749283,175.6569128281916,52517000.0
2023-10-17,176.05441284179688,177.31656279493396,173.71895547455762,175.55750508309643,57549400.0
2023-10-18,174.7525177001953,176.48176216718392,174.027036615376,174.4941311237392,54764400.0
2023-10-19,174.37489318847656,176.7401640228471,174.106558728376,174.9512928962145,59302900.0
2023-10-20,171.8108367919922,174.3351216115833,171.57231560127877,174.2258012947257,64189300.0
2023-10-23,171.9300994873047,172.93384778812512,168.87907830418513,169.85302851446286,55980100.0
2023-10-24,172.3673858642578,172.59595921387623,170.38968729481687,171.97979837385134,43816600.0
2023-10-25,170.04185485839844,171.98972493811343,169.59462570782657,170.81702981156988,57157000.0
2023-10-26,165.85787963867188,170.32011700092076,164.64542343181446,169.31635357139493,70625300.0
2023-10-27,167.17965698242188,167.91508596598229,165.79825394187426,165.8777610074826,58499100.0
2023-10-30,169.23683166503906,170.11139414133623,167.82561550110003,167.97469692197112,51131000.0
2023-10-31,169.71388244628906,169.8430681534906,166.86162156099337,168.30266621223765,44846000.0
2023-11-01,172.89410400390625,173.15249060498644,169.0679078148722,169.94247040994804,56934900.0
2023-11-02,176.47183227539062,176.68052504619254,174.37488088465793,174.43450739060134,77334800.0
2023-11-03,175.55751037597656,175.72647236371952,172.27793120121478,173.16242643179137,79763700.0
2023-11-06,178.12155151367188,178.32031158491046,175.12023955979996,175.28918637857382,63841300.0
2023-11-07,180.6955718994141,181.31173276049725,177.86319118196494,178.07188398001148,70530000.0
2023-11-08,181.75894165039065,182.31547598204617,180.46697828651983,181.222287877558,49340300.0
2023-11-09,181.28189086914065,182.9813068996389,180.68559549720572,181.8284924326774,53763500.0
2023-11-10,185.49127197265625,185.6604565649068,182.63526841968368,183.07312579736603,66133400.0
2023-11-13,183.8990631103516,185.12306234297503,183.31194313207843,184.91409464160964,43627500.0
2023-11-14,186.5261993408203,187.1929311504176,185.3917576494399,186.78492632853877,60108400.0
2023-11-15,187.0934295654297,188.5761711532832,186.8645550869024,186.93422111937653,53790500.0
2023-11-16,188.78512573242188,190.02903168790183,187.7302807272798,188.64580887278407,54412900.0
2023-11-17,188.76524353027344,189.45188213648447,187.65070850825023,189.32251104128505,50922700.0
2023-11-20,190.5166473388672,190.97441144582112,188.9543092379418,188.96425501994517,46505100.0
2023-11-21,189.71060180664065,190.586316538311,188.8149955106325,190.47685219685215,38134500.0
2023-11-22,190.37733459472656,191.98943200940647,189.89967891341405,190.55646496546896,39617700.0
2023-11-24,189.04388427734372,189.969343174272,188.32739311257288,189.93949064110663,24048300.0
2023-11-27,188.86474609375,189.74046085550287,187.9790855494866,188.994117188391,40552600.0
2023-11-28,189.4717712402344,190.14846405510127,188.4766463593836,188.85479867311508,38415400.0
2023-11-29,188.44679260253903,191.15353347560767,188.04874872654685,189.96933244559008,43014200.0
2023-11-30,189.02395629882807,189.39216280718497,187.27254208408092,188.91449196138143,48794400.0
2023-12-01,190.30767822265625,190.6261102728152,188.3074675935333,189.40211098182945,45679300.0
2023-12-04,188.50650024414065,189.12348800008925,186.53615721754525,189.05382196941733,43389500.0
2023-12-05,192.4770355224609,193.45225356737396,189.25282572872496,189.28269344214408,66628400.0
2023-12-06,191.3824157714844,193.81050761672597,191.1734328747628,193.50202134703213,41089700.0
2023-12-07,193.32290649414065,194.0493433741143,192.64621370853777,192.6860272053144,47477700.0
2023-12-08,194.75587463378903,195.0345083535154,192.72581160789824,193.25322651912307,53377300.0
2023-12-11,192.2382049560547,192.54670640437527,190.48679074363932,192.16855411471755,60943700.0
2023-12-12,193.76077270507807,193.77071848752672,190.7853438376791,192.13871428631936,52696900.0
2023-12-13,196.9949188232422,197.0347171354669,193.90007998207173,194.13890022422,70404200.0
2023-12-14,197.1441802978516,198.64681332186493,195.20368991998,197.0546227075805,66831600.0
2023-12-15,196.60682678222656,197.4327670575499,196.0395983209077,196.5670132843794,128256700.0
2023-12-18,194.93499755859372,195.6713953811102,193.44231035021684,195.1340194828308,55751900.0
2023-12-19,195.9799041748047,195.9898499576203,194.93501997192172,195.2037079519548,40714100.0
2023-12-20,193.88018798828125,196.71628487042167,193.88018798828125,195.9400886555705,52242800.0
2023-12-21,193.7308807373047,196.11918926884985,192.55664081053737,195.14397125694487,46482500.0
2023-12-22,192.6561737060547,194.45734722393945,192.02924020237552,194.22845757962483,37122800.0
2023-12-26,192.10885620117188,192.94475743470915,191.8899275184264,192.66612369019677,28919300.0
2023-12-27,192.2083740234375,192.55667382245832,190.1584190985528,191.55160311023465,48087700.0
2023-12-28,192.6362762451172,193.71101293849657,192.22827139973785,193.1935437488545,34049900.0
2023-12-29,191.59136962890625,193.4522480788772,190.7952667806988,192.95468569679736,42628800.0
